-- --------------------------------------------------------
-- Host:                         127.0.0.1
-- Server version:               5.7.33 - MySQL Community Server (GPL)
-- Server OS:                    Win64
-- HeidiSQL Version:             11.2.0.6213
-- --------------------------------------------------------

/*!40101 SET @OLD_CHARACTER_SET_CLIENT=@@CHARACTER_SET_CLIENT */;
/*!40101 SET NAMES utf8 */;
/*!50503 SET NAMES utf8mb4 */;
/*!40014 SET @OLD_FOREIGN_KEY_CHECKS=@@FOREIGN_KEY_CHECKS, FOREIGN_KEY_CHECKS=0 */;
/*!40101 SET @OLD_SQL_MODE=@@SQL_MODE, SQL_MODE='NO_AUTO_VALUE_ON_ZERO' */;
/*!40111 SET @OLD_SQL_NOTES=@@SQL_NOTES, SQL_NOTES=0 */;

-- Dumping data for table summit.wp_stnc_map_binalar_eski: ~611 rows (approximately)
DELETE FROM `wp_stnc_map_binalar_eski`;
/*!40000 ALTER TABLE `wp_stnc_map_binalar_eski` DISABLE KEYS */;
INSERT INTO `wp_stnc_map_binalar_eski` (`id`, `building_id`, `tekno_kat_id`, `tekno_ofis_id`, `name`, `created_at`, `updated_at`) VALUES
	(1, 1, 1, 267, 'ZANKA MÜHENDİSLİK LİMİTED ŞİRKETİ', '2018-10-31 09:40:29', '2018-10-31 09:40:29'),
	(2, 1, 1, 268, 'MUHARREM KÖSE - KENT MEDIA İNTERNET HİZMETLERİ BASIN YAYIN VE REKLAMCILIK', '2018-10-31 09:40:29', '2018-10-31 09:40:29'),
	(3, 1, 1, 269, 'LESCARD YAZILIM DANIŞMANLIK VE İNSAN KAYNAKLARI LİMİTED ŞİRKETİ', '2018-10-31 09:40:29', '2018-10-31 09:40:29'),
	(4, 1, 1, 270, 'MUSTAFA KOÇER-NETSOFT BİLİŞİM VE YAZILIM SİSTEMLERİ', '2018-10-31 09:40:29', '2018-10-31 09:40:29'),
	(5, 1, 1, 272, 'ELZ TEKNOLOJİ BİLGİSAYAR ELEKTRONİK ELEKTRİK MAKİNA İTHALAT İHRACAT SANAYİ VE TİCARET LİMİTED ŞİRKETİ  ', '2018-10-31 09:40:29', '2018-10-31 09:40:29'),
	(6, 1, 1, 273, 'SEDA ZEYNELOĞLU-TEKNOBAHÇE CAFE VE RESTAURANT', '2018-10-31 09:40:30', '2018-10-31 09:40:30'),
	(7, 1, 2, 289, 'MUHUTTİN UMAÇ - ZİRVE TEKNO PARK', '2018-10-31 09:40:30', '2018-10-31 09:40:30'),
	(8, 1, 2, 290, 'NANOME NANO TEKN.ARGE DAN.SAN.VE TİC.LTD.ŞTİ.', '2018-10-31 09:40:30', '2018-10-31 09:40:30'),
	(9, 1, 2, 291, 'PIXELANCE YAZILIM VE MÜHENDİSLİK LİMİTED ŞİRKETİ', '2018-10-31 09:40:30', '2018-10-31 09:40:30'),
	(10, 1, 2, 292, 'ONUR FENAR-T5 BİLGİ SİSTEMLERİ', '2018-10-31 09:40:30', '2018-10-31 09:40:30'),
	(11, 1, 2, 293, 'PAŞA PAŞAYEV -BUTA MEDYA BİLİŞİM TASARIM', '2018-10-31 09:40:30', '2018-10-31 09:40:30'),
	(12, 1, 4, 294, 'EFEKTİF ENDÜSTRİYEL ENERJİ MÜHENDİSLİK DIŞ TİCARET EĞİTİM ETÜT PROJE UYGULAMA AR-GE YAZILIM VE DANIŞMANLIK HİZMETLERİ İNŞAAT TAAHHÜT TİCARET VE SANAYİ ANONİM ŞİRKETİ', '2018-10-31 09:40:30', '2018-10-31 09:40:30'),
	(13, 1, 4, 297, 'EMCEKARE ENERJİ ARAŞTIRMA GELİŞTİRME PROJE YAZILIM İNŞAAT TAAHHÜT VE MÜHENDİSLİK ANONİM ŞİRKETİ', '2018-10-31 09:40:30', '2018-10-31 09:40:30'),
	(14, 1, 4, 298, 'NEBULA YAZILIM TAS.İÇ VE DIŞ TİC.A.Ş.TEKNOPARK ŞB.', '2018-10-31 09:40:30', '2018-10-31 09:40:30'),
	(15, 1, 4, 299, 'İNNOFOMA SİSTEM TASARIM ARGE MÜHENDİSLİK SANAYİ VE TİCARET LİMİTED ŞİRKETİ', '2018-10-31 09:40:30', '2018-10-31 09:40:30'),
	(16, 1, 4, 300, 'YAPRAK YAZILIM BİLİŞİM TEKNOLOJİLERİ SANAYİ VE TİCARET LİMİTED ŞİRKETİ', '2018-10-31 09:40:30', '2018-10-31 09:40:30'),
	(17, 1, 4, 301, 'YAPRAK YAZILIM BİLİŞİM TEKNOLOJİLERİ SANAYİ VE TİCARET LİMİTED ŞİRKETİ', '2018-10-31 09:40:30', '2018-10-31 09:40:30'),
	(18, 1, 4, 303, 'YEKTİN YAZILIM - NAMIK KEMAL YEKTİN', '2018-10-31 09:40:30', '2018-10-31 09:40:30'),
	(19, 1, 4, 304, 'TTE MÜHENDİSLİK DANIŞMANLIK ARAŞTIRMA GELİŞTİRME YAZILIM İNŞAAT TAAHHÜT SANAYİ VE TİCARET LİMİTED ŞİRKETİ', '2018-10-31 09:40:30', '2018-10-31 09:40:30'),
	(20, 1, 4, 305, 'AYDINER TAHAN - ARGE ENERJİ MÜHENDİSLİK YAZILIM', '2018-10-31 09:40:30', '2018-10-31 09:40:30'),
	(21, 1, 4, 306, 'HİLMİ ORALHAN - ORALHAN İNOVASYON', '2018-10-31 09:40:30', '2018-10-31 09:40:30'),
	(22, 1, 4, 307, 'EFEKTİF ENDÜSTRİYEL ENERJİ MÜHENDİSLİK DIŞ TİCARET EĞİTİM ETÜT PROJE UYGULAMA AR-GE YAZILIM VE DANIŞMANLIK HİZMETLERİ İNŞAAT TAAHHÜT TİCARET VE SANAYİ ANONİM ŞİRKETİ', '2018-10-31 09:40:30', '2018-10-31 09:40:30'),
	(23, 1, 5, 312, 'İSHAK AFŞİN KARİPER-YAPAY ELMAS KAPLAMA', '2018-10-31 09:40:30', '2018-10-31 09:40:30'),
	(24, 1, 5, 315, 'İPEK BİLGİSAYAR ENDÜSTRİ VE OFİS OTOMASYON SİSTEMLERİ SANAYİ VE TİCARET LİMİTED ŞİRKETİ AR-GE VE YAZILIM GELİŞTİRME ŞUBESİ', '2018-10-31 09:40:30', '2018-10-31 09:40:30'),
	(25, 1, 5, 316, 'FATİH ŞAHİN - İPEKYOLU YAZILIM HİZMETLERİ', '2018-10-31 09:40:30', '2018-10-31 09:40:30'),
	(26, 1, 5, 317, 'İNOSİS YAZILIM BİLGİSAYAR VE BİLİŞİM TEKNOLOJİLERİ SAN.TİC.LTD.ŞTİ.', '2018-10-31 09:40:30', '2018-10-31 09:40:30'),
	(27, 1, 5, 320, 'ÖZREELS AMBALAJ NAK.ORM.ÜRÜN.İTH.İHR.SAN.VE TİC.LTD.ŞTİ.', '2018-10-31 09:40:30', '2018-10-31 09:40:30'),
	(28, 1, 6, 321, 'BİLETAL İÇ VE DIŞ TİCARET ANONİM ŞİRKETİ TEKNOPARK ŞUBESİ', '2018-10-31 09:40:30', '2018-10-31 09:40:30'),
	(29, 1, 6, 325, 'LODOS TEKNOLOJİ ELEKTRONİK VE YAZILIM SANAYİ TİCARET LİMİTED ŞİRKETİ', '2018-10-31 09:40:30', '2018-10-31 09:40:30'),
	(30, 1, 6, 326, 'RECEP GARİP REGA YAZILIM', '2018-10-31 09:40:30', '2018-10-31 09:40:30'),
	(31, 1, 6, 327, 'TURİM MİMARLIK MÜHENDİSLİK TEKNİK MÜŞAVİRLİK TURİZM İNŞAAT TİCARET VE SANAYİ LİMİTED ŞİRKETİ TEKNOPARK ŞUBESİ', '2018-10-31 09:40:30', '2018-10-31 09:40:30'),
	(32, 1, 6, 330, 'ÜNSA MİMARLIK ELEKTRİK İNŞAAT SANAYİ VE TİCARET LİMİTED ŞİRKETİ ERCİYES ÜNİVERSİTESİ TEKNOPARK ŞUBESİ', '2018-10-31 09:40:30', '2018-10-31 09:40:30'),
	(33, 1, 6, 331, 'DEVRİM TOPUZ', '2018-10-31 09:40:30', '2018-10-31 09:40:30'),
	(34, 1, 6, 332, 'ERDEM KOCA', '2018-10-31 09:40:30', '2018-10-31 09:40:30'),
	(35, 1, 6, 333, 'ERDEM KOCA', '2018-10-31 09:40:30', '2018-10-31 09:40:30'),
	(36, 1, 6, 334, 'BİLİMPLANT DİŞ MALZEMELERİ VE MEDİKAL ARGE YAZILIM SANAYİ TİCARET LİMİTED ŞİRKETİ', '2018-10-31 09:40:30', '2018-10-31 09:40:30'),
	(37, 1, 8, 335, 'MİPATEK MİMARLIK MÜHENDİSLİK PLANLAMA İNŞAAT YENİLENEBİLİR ENERJİ ARGE YAZILIM DONANIM DANIŞMANLIK SANAYİ VE TİCARET LİMİTED ŞİRKETİ', '2018-10-31 09:40:30', '2018-10-31 09:40:30'),
	(38, 1, 8, 339, 'BİT BİLİŞİM TEKNOLOJİLERİ YAZILIM ELEKTRONİK TELEKOM DANIŞMANLIK HİZMETLERİ SANAYİ VE TİCARET LİMİTED ŞİRKETİ', '2018-10-31 09:40:30', '2018-10-31 09:40:30'),
	(39, 1, 8, 340, 'AK-KA ASANSÖR OTOMASYON İNŞAAT SANAYİ VE TİCARET LİMİTED ŞİRKETİ', '2018-10-31 09:40:30', '2018-10-31 09:40:30'),
	(40, 1, 8, 341, 'AK İNOVASYON DANIŞMANLIK LİMİTED ŞİRKETİ', '2018-10-31 09:40:31', '2018-10-31 09:40:31'),
	(41, 1, 8, 342, 'İBRAHİM TOK - PROJE HESAP PROJECİLİK HİZMETLERİ', '2018-10-31 09:40:31', '2018-10-31 09:40:31'),
	(42, 1, 8, 344, 'ERCİYES İLAÇ BİTKİSEL DESTEK ÜRÜNLERİ ARGE SANAYİ TİCARET LİMİTED ŞİRKETİ', '2018-10-31 09:40:31', '2018-10-31 09:40:31'),
	(43, 1, 2, 284, 'ABİS TEKNOLOJİ LTD.ŞTİ.', '2018-10-31 09:40:31', '2018-10-31 09:40:31'),
	(44, 1, 2, 286, 'ABİS TEKNOLOJİ LTD.ŞTİ.', '2018-10-31 09:40:31', '2018-10-31 09:40:31'),
	(45, 1, 2, 282, 'ABİS TEKNOLOJİ LTD.ŞTİ.', '2018-10-31 09:40:31', '2018-10-31 09:40:31'),
	(46, 1, 4, 295, 'GNS SOLAR YENİLENEBİLİR ENERJİ ELEKTRİK İNŞAAT SANAYİ VE TİCARET LİMİTED ŞİRKETİ', '2018-10-31 09:40:31', '2018-10-31 09:40:31'),
	(47, 1, 4, 296, 'GNS SOLAR YENİLENEBİLİR ENERJİ ELEKTRİK İNŞAAT SANAYİ VE TİCARET LİMİTED ŞİRKETİ', '2018-10-31 09:40:31', '2018-10-31 09:40:31'),
	(48, 1, 5, 309, 'URUK ENDÜSTRİYEL ÜRÜNLER SANAYİ VE TİCARET LİMİTED ŞİRKETİ', '2018-10-31 09:40:31', '2018-10-31 09:40:31'),
	(49, 1, 5, 310, 'URUK ENDÜSTRİYEL ÜRÜNLER SANAYİ VE TİCARET LİMİTED ŞİRKETİ', '2018-10-31 09:40:31', '2018-10-31 09:40:31'),
	(50, 1, 5, 318, 'İNOSİS YAZILIM BİLGİSAYAR VE BİLİŞİM TEKNOLOJİLERİ SAN.TİC.LTD.ŞTİ.', '2018-10-31 09:40:31', '2018-10-31 09:40:31'),
	(51, 1, 5, 319, 'İNOSİS YAZILIM BİLGİSAYAR VE BİLİŞİM TEKNOLOJİLERİ SAN.TİC.LTD.ŞTİ.', '2018-10-31 09:40:31', '2018-10-31 09:40:31'),
	(52, 1, 8, 336, 'ERİA TEKNOLOJİ YAZILIM DANIŞMANLIK ARGE VE TİCARET LİMİTED ŞİRKETİ', '2018-10-31 09:40:31', '2018-10-31 09:40:31'),
	(53, 1, 8, 337, 'ERİA TEKNOLOJİ YAZILIM DANIŞMANLIK ARGE VE TİCARET LİMİTED ŞİRKETİ', '2018-10-31 09:40:31', '2018-10-31 09:40:31'),
	(54, 2, 9, 27, 'ORASSİST YAZILIM SANAYİ VE TİCARET LİMİTED ŞİRKETİ', '2018-10-31 09:40:31', '2018-10-31 09:40:31'),
	(55, 2, 9, 28, 'BFG TEKNOLOJİK ARAŞTIRMALAR AKREDİTASYON SANAYİ VE TİCARET LİMİTED ŞİRKETİ', '2018-10-31 09:40:31', '2018-10-31 09:40:31'),
	(56, 2, 9, 29, 'İLTELİS İLERİ TEKNOLOJİ ELEKTRONİK VE İLETİŞİM SİSTEMLERİ MÜHENDİSLİK BİLGİSAYAR SANAYİ VE TİCARET LİMİTED ŞİRKETİ', '2018-10-31 09:40:31', '2018-10-31 09:40:31'),
	(57, 2, 9, 30, 'VERİ VERDE PROJE DANIŞMANLIK ARGE EĞİTİM MÜHENDİSLİK ENERJİ TASARIM SANAYİ VE TİCARET LİMİTED ŞİRKETİ', '2018-10-31 09:40:31', '2018-10-31 09:40:31'),
	(58, 2, 9, 31, 'NANOBİOTECH ARGE İNOV.SAĞ.ÜRÜN.SAN.VE TİC.LTD.ŞTİ.', '2018-10-31 09:40:31', '2018-10-31 09:40:31'),
	(59, 2, 9, 32, 'NİVERA BİLGİ TEKNOLOJİLERİ TURİZM SANAYİ VE TİCARET LİMİTED ŞİRKETİ', '2018-10-31 09:40:31', '2018-10-31 09:40:31'),
	(60, 2, 9, 33, 'DOĞATECH ARAŞTIRMA GELİŞTİRME TARIM ÜRÜNLERİ GIDA HAYVANCILIK SANAYİ VE TİCARET LİMİTED ŞİRKETİ', '2018-10-31 09:40:31', '2018-10-31 09:40:31'),
	(61, 2, 9, 34, 'ABDURRAHMAN FIRAT-OPTİJET ARGE', '2018-10-31 09:40:31', '2018-10-31 09:40:31'),
	(62, 2, 9, 35, 'MENDA MEDİKAL VE ENDÜSTRİYEL DONANIM VE ARAŞTIRMALAR SANAYİ VE TİCARET LİMİTED ŞİRKETİ', '2018-10-31 09:40:31', '2018-10-31 09:40:31'),
	(63, 2, 9, 36, 'ŞAHİTTİN AYDEMİR ENERJİ SİSTEMLERİ SANAYİ VE TİCARET LİMİTED ŞİRKETİ', '2018-10-31 09:40:31', '2018-10-31 09:40:31'),
	(64, 2, 9, 37, 'MALAZGİRT MADENCİLİK SANAYİ VE TİCARET ANONİM ŞİRKETİ', '2018-10-31 09:40:31', '2018-10-31 09:40:31'),
	(65, 2, 9, 38, 'TMAAS YAZILIM TEKNOLOJİLERİ SANAYİ VE TİCARET LİMİTED ŞİRKETİ', '2018-10-31 09:40:31', '2018-10-31 09:40:31'),
	(66, 2, 10, 346, 'ERHAN ÇEMREK - ÇEMREK BİLGİ TEKNOLOJİLERİ MÜHENDİSLİK VE DANIŞMANLIK HİZMETLERİ', '2018-10-31 09:40:32', '2018-10-31 09:40:32'),
	(67, 2, 10, 347, 'APRON TEKNOLOJİ ANONİM ŞİRKETİ - TEKNOPARK ŞUBESİ', '2018-10-31 09:40:32', '2018-10-31 09:40:32'),
	(68, 2, 10, 348, 'HASAN GAZİ AKBAŞ - SHG MÜHENDİSLİK', '2018-10-31 09:40:32', '2018-10-31 09:40:32'),
	(69, 2, 10, 349, 'ALPAN FARMA AR-GE BİYOTEKNOLOJİLERİ LİMİTED ŞİRKETİ', '2018-10-31 09:40:32', '2018-10-31 09:40:32'),
	(70, 2, 10, 350, 'SANFRA İLAÇ VE TIBBİ ÜRÜNLER İTHALAT VE İHRACAT PAZARLAMA LİMİTED ŞİRKETİ TEKNOPARK ŞUBESİ', '2018-10-31 09:40:32', '2018-10-31 09:40:32'),
	(71, 2, 10, 351, 'MEDİTEK YAZILIM EĞİTİM VE DANIŞMANLIK LİMİTED ŞİRKETİ', '2018-10-31 09:40:32', '2018-10-31 09:40:32'),
	(72, 2, 10, 353, 'ABİDİN ÖZLER - MEDİTEK YAZILIM', '2018-10-31 09:40:32', '2018-10-31 09:40:32'),
	(73, 2, 10, 354, 'İNNO SOFT YAZILIM ARGE VE REKLAM TİCARET LİMİTED ŞİRKETİ', '2018-10-31 09:40:32', '2018-10-31 09:40:32'),
	(74, 2, 10, 355, 'DERASİS BİLİŞİM LİMİTED ŞİRKETİ', '2018-10-31 09:40:32', '2018-10-31 09:40:32'),
	(75, 2, 10, 356, 'FNF TEKNOLOJİ SANAYİ VE TİCARET LİMİTED ŞİRKETİ TEKNOPARK ŞUBESİ', '2018-10-31 09:40:32', '2018-10-31 09:40:32'),
	(76, 2, 10, 357, 'CRYOCAN BASINÇLI KAPLAR ENDÜSTRİYEL TESİSLER SANAYİ VE TİCARET LİMİTED ŞİRKETİ ARGE ŞUBESİ', '2018-10-31 09:40:32', '2018-10-31 09:40:32'),
	(77, 2, 10, 358, 'CAN SOLAR ENERJİ ÜRETİM VE İNŞAAT SANAYİ TİCARET ANONİM ŞİRKETİ', '2018-10-31 09:40:32', '2018-10-31 09:40:32'),
	(78, 2, 9, 39, 'SFPT BİTECH SAĞ.REZ.', '2018-10-31 09:40:32', '2018-10-31 09:40:32'),
	(79, 2, 10, 352, 'SANFRA İLAÇ VE TIBBİ ÜRÜNLER İTHALAT VE İHRACAT PAZARLAMA LİMİTED ŞİRKETİ TEKNOPARK ŞUBESİ', '2018-10-31 09:40:32', '2018-10-31 09:40:32'),
	(80, 2, 10, 360, 'BEDELSİZ', '2018-10-31 09:40:32', '2018-10-31 09:40:32'),
	(81, 3, 11, 55, 'BEDELSİZ', '2018-10-31 09:40:32', '2018-10-31 09:40:32'),
	(82, 3, 11, 56, 'BEDELSİZ', '2018-10-31 09:40:32', '2018-10-31 09:40:32'),
	(83, 3, 11, 361, 'BEDELSİZ', '2018-10-31 09:40:32', '2018-10-31 09:40:32'),
	(84, 3, 12, 68, 'MEHMET KOÇ -MEKEM ARGE', '2018-10-31 09:40:32', '2018-10-31 09:40:32'),
	(85, 3, 12, 69, 'MUSTAFA YAVUZ KÖKER - KÖK BİOTEK ', '2018-10-31 09:40:32', '2018-10-31 09:40:32'),
	(86, 3, 12, 70, 'NUTRAL TERAPİ BESİNSEL TEDAVİ ARAŞTIRMA GELİŞTİRME SANAYİ VE TİCARET LİMİTED ŞİRKETİ', '2018-10-31 09:40:32', '2018-10-31 09:40:32'),
	(87, 3, 12, 71, 'ORHAN GAZİ BAŞLI-ÜNLEM BİLİŞİM MOBİL YAZILIM ARGE VE İNOVASYON VE WEB', '2018-10-31 09:40:32', '2018-10-31 09:40:32'),
	(88, 3, 12, 72, 'TAGEM GIDA ANALİZ MERKEZİ SANAYİ TİCARET LİMİTED ŞİRKETİ', '2018-10-31 09:40:32', '2018-10-31 09:40:32'),
	(89, 3, 12, 73, 'HAKAN TOPUZOĞLU - HT BİLİŞİM EĞİTİM DANIŞMANLIK', '2018-10-31 09:40:32', '2018-10-31 09:40:32'),
	(90, 3, 13, 77, 'ŞAHİN BİLGİSAYAR YAZILIM VE DANIŞMANLIK HİZMETLERİ SANAYİ VE TİCARET ANONİM ŞİRKETİ', '2018-10-31 09:40:32', '2018-10-31 09:40:32'),
	(91, 3, 13, 78, 'PROAX YAZILIM SANAYİ VE TİCARET LİMİTED ŞİRKETİ', '2018-10-31 09:40:32', '2018-10-31 09:40:32'),
	(92, 3, 13, 80, 'PRONİC YAZILIM OTOMASYON BİLGİSAYAR ELEKTRONİK DANIŞMANLIK SANAYİ TİCARET LİMİTED ŞİRKETİ ', '2018-10-31 09:40:32', '2018-10-31 09:40:32'),
	(93, 3, 13, 81, 'PRONİC YAZILIM OTOMASYON BİLGİSAYAR ELEKTRONİK DANIŞMANLIK SANAYİ TİCARET LİMİTED ŞİRKETİ ', '2018-10-31 09:40:32', '2018-10-31 09:40:32'),
	(94, 3, 13, 82, 'PRONİC YAZILIM OTOMASYON BİLGİSAYAR ELEKTRONİK DANIŞMANLIK SANAYİ TİCARET LİMİTED ŞİRKETİ ', '2018-10-31 09:40:32', '2018-10-31 09:40:32'),
	(95, 3, 13, 83, 'PRONİC YAZILIM OTOMASYON BİLGİSAYAR ELEKTRONİK DANIŞMANLIK SANAYİ TİCARET LİMİTED ŞİRKETİ ', '2018-10-31 09:40:32', '2018-10-31 09:40:32'),
	(96, 3, 14, 87, 'ADMATİC TEKNOLOJİ ANONİM ŞİRKETİ', '2018-10-31 09:40:32', '2018-10-31 09:40:32'),
	(97, 3, 14, 88, 'LİFOS YAZILIM VE BİLİŞİM HİZMETLERİ ELEKTRONİK GIDA TURİZM SAN.TİC.LTD.ŞTİ.', '2018-10-31 09:40:32', '2018-10-31 09:40:32'),
	(98, 3, 14, 89, 'BEDELSİZ', '2018-10-31 09:40:32', '2018-10-31 09:40:32'),
	(99, 3, 14, 90, 'BEDELSİZ', '2018-10-31 09:40:32', '2018-10-31 09:40:32'),
	(100, 3, 14, 91, 'ETTO ERCİYES TEKNOTRANSFER OFİS DANIŞMANLIK HİZMETLERİ SANAYİ VE TİCARET LİMİTED ŞİRKETİ', '2018-10-31 09:40:32', '2018-10-31 09:40:32'),
	(101, 3, 15, 93, 'AİDATIM İNOV.YAZ.TEK.SAN.VE TİC.LTD.ŞTİ.', '2018-10-31 09:40:32', '2018-10-31 09:40:32'),
	(102, 3, 15, 92, 'NES YAZILIM SANAYİ VE TİCARET LİMİTED ŞİRKETİ', '2018-10-31 09:40:32', '2018-10-31 09:40:32'),
	(103, 3, 15, 94, 'NİLVERA YAZILIM VE BİLİŞİM HİZMETLERİ TİCARET LİMİTED ŞİRKETİ', '2018-10-31 09:40:32', '2018-10-31 09:40:32'),
	(104, 3, 15, 95, 'MEHMET HAKAN ŞAHİN-DENSEY TECHNOLOGY YAZILIM', '2018-10-31 09:40:32', '2018-10-31 09:40:32'),
	(105, 3, 15, 96, 'DOĞA REKLAM MURAT ŞENTÜRK MATRIX YAZILIM ŞUBESİ', '2018-10-31 09:40:33', '2018-10-31 09:40:33'),
	(106, 3, 15, 97, 'NAR YAZILIM OTOMASYON MÜHENDİSLİK TEKNOLOJİ EĞİTİM VE DANIŞMANLIK LİMİTED ŞİRKETİ', '2018-10-31 09:40:33', '2018-10-31 09:40:33'),
	(107, 3, 15, 98, 'NAR YAZILIM OTOMASYON MÜHENDİSLİK TEKNOLOJİ EĞİTİM VE DANIŞMANLIK LİMİTED ŞİRKETİ', '2018-10-31 09:40:33', '2018-10-31 09:40:33'),
	(108, 3, 11, 67, 'FORA TEKNOLOJİ SANAYİ VE TİCARET LİMİTED ŞİRKETİ KAYSERİ ŞUBESİ', '2018-10-31 09:40:33', '2018-10-31 09:40:33'),
	(109, 3, 13, 381, 'BEDELSİZ', '2018-10-31 09:40:33', '2018-10-31 09:40:33'),
	(110, 4, 16, 99, 'BEDELSİZ', '2018-10-31 09:40:33', '2018-10-31 09:40:33'),
	(111, 4, 16, 100, 'BEDELSİZ', '2018-10-31 09:40:33', '2018-10-31 09:40:33'),
	(112, 4, 16, 101, 'BEDELSİZ', '2018-10-31 09:40:33', '2018-10-31 09:40:33'),
	(113, 4, 16, 102, 'ROMADİN ARAŞTIRMA GELİŞTİRME SANAYİ VE TİCARET LİMİTED ŞİRKETİ', '2018-10-31 09:40:33', '2018-10-31 09:40:33'),
	(114, 4, 16, 103, 'ADİLE SULTAN ARGE GIDA LİMİTED ŞİRKETİ', '2018-10-31 09:40:33', '2018-10-31 09:40:33'),
	(115, 4, 16, 104, 'FOSENS ELEKTRO OPTİK TEK.SAN.VE TİC.LTD.ŞTİ.', '2018-10-31 09:40:33', '2018-10-31 09:40:33'),
	(116, 4, 16, 105, 'SİSTEM VETERİNER TARIMSAL İLAÇLAR HAYVANCILIK LABORATUAR HİZMETLERİ PAZARLAMA MEDİKAL GIDA EMLAK SANAYİ VE TİCARET LİMİTED ŞİRKETİ', '2018-10-31 09:40:33', '2018-10-31 09:40:33'),
	(117, 4, 16, 106, 'TEDİ ARGE YAZILIM MÜHENDİSLİK EĞİTİM TİC. VE SAN.LTD.ŞTİ.', '2018-10-31 09:40:33', '2018-10-31 09:40:33'),
	(118, 4, 16, 107, 'SHC TEKNOLOJİ AR-GE YAZILIM EĞİTİM DANIŞMANLIK MÜHENDİSLİK SANAYİ VE TİCARET LİMİTED ŞİRKETİ', '2018-10-31 09:40:33', '2018-10-31 09:40:33'),
	(119, 4, 16, 108, 'PİFORS TEKNOLOJİ MÜHENDİSLİK YAZILIM ARAŞTIRMA GELİŞTİRME HİZMETLERİ İNŞAAT SANAYİ VE TİCARET LİMİTED ŞİRKETİ', '2018-10-31 09:40:33', '2018-10-31 09:40:33'),
	(120, 4, 16, 109, 'TYANA ARGE ÇEVRE TEK.DAN.YAZ.SAN.TİC.LTD.ŞTİ.', '2018-10-31 09:40:33', '2018-10-31 09:40:33'),
	(121, 4, 16, 110, 'HMS HEALTH MOBİLE SOFTWARE SAĞLIK MOBİL YAZILIM VE EĞİTİM ANONİM ŞİRKETİ', '2018-10-31 09:40:33', '2018-10-31 09:40:33'),
	(122, 4, 16, 112, 'NECDET ALTUNTOP-AKSEL MÜHENDİSLİK', '2018-10-31 09:40:33', '2018-10-31 09:40:33'),
	(123, 4, 16, 113, 'BEDELSİZ', '2018-10-31 09:40:33', '2018-10-31 09:40:33'),
	(124, 4, 16, 114, 'SOLIDELECTRON KONTROL TEK. SAN. VE TİC. A.Ş.', '2018-10-31 09:40:33', '2018-10-31 09:40:33'),
	(125, 4, 16, 115, 'BEDELSİZ', '2018-10-31 09:40:33', '2018-10-31 09:40:33'),
	(126, 4, 16, 116, 'BEDELSİZ', '2018-10-31 09:40:33', '2018-10-31 09:40:33'),
	(127, 4, 16, 117, 'OĞUZHAN AYYILDIZ -BİYONOG ARGE MÜHENDİSLİK VE DANIŞMANLIK', '2018-10-31 09:40:33', '2018-10-31 09:40:33'),
	(128, 4, 16, 119, 'MAKSİNET BİLGİSAYAR YAZILIM ÖDEME HİZMETLERİ REKLAM YÖNETİM DANIŞMANLIĞI İNŞAAT TAAHHÜT  SANAYİ VE TİCARET LİMİTED ŞİRKETİ    ', '2018-10-31 09:40:33', '2018-10-31 09:40:33'),
	(129, 4, 16, 122, 'KCM TEKNOLOJİ ELEKTRİK ELEKTRONİK TASARIM BİLGİSAYAR SANAYİ VE TİCARET LİMİTED ŞİRKETİ', '2018-10-31 09:40:33', '2018-10-31 09:40:33'),
	(130, 4, 16, 123, 'BEDELSİZ', '2018-10-31 09:40:33', '2018-10-31 09:40:33'),
	(131, 4, 16, 124, 'HATİCE KULTAŞ-KULTAŞ DANIŞMANLIK', '2018-10-31 09:40:33', '2018-10-31 09:40:33'),
	(132, 4, 16, 125, 'İNSPARK TEKNOLOJİ ELEKTRONİK ARGE YAZILIM ELEKTRİK MAKİNA MÜHENDİSLİK SANAYİ TİCARET LİMİTED ŞİRKETİ', '2018-10-31 09:40:33', '2018-10-31 09:40:33'),
	(133, 4, 16, 126, 'VEHBİ ÇAĞRI GÜNGÖR -AKADEMİ ARGE YAZILIM DANIŞMANLIK ELEKTRİK ELEKTRONİK MÜHENDİSLİK BİLİŞİM', '2018-10-31 09:40:33', '2018-10-31 09:40:33'),
	(134, 4, 16, 127, 'ADERANS ARGE DAN.YAPI END.SAN.VE TİC.LTD.ŞTİ.', '2018-10-31 09:40:33', '2018-10-31 09:40:33'),
	(135, 4, 16, 128, 'BİLİŞİM BİLGİSAYAR ELEKTRONİK ENDÜSTRİ VE OFİS OTOMASYON SİSTEMLERİ SANAYİ TİCARET LİMİTED ŞİRKETİ ERCİYES TEKNOPARK ŞUBESİ', '2018-10-31 09:40:33', '2018-10-31 09:40:33'),
	(136, 4, 16, 130, 'BEDELSİZ', '2018-10-31 09:40:33', '2018-10-31 09:40:33'),
	(137, 4, 17, 132, 'BİLİŞİM BİLGİSAYAR ELEKTRONİK ENDÜSTRİ VE OFİS OTOMASYON SİSTEMLERİ SANAYİ TİCARET LİMİTED ŞİRKETİ ERCİYES TEKNOPARK ŞUBESİ', '2018-10-31 09:40:33', '2018-10-31 09:40:33'),
	(138, 4, 17, 133, 'MİLAS ÖLÇÜ ALETLERİ SANAYİ VE TİCARET ANONİM ŞİRKETİ MELİKGAZİ ŞUBESİ', '2018-10-31 09:40:33', '2018-10-31 09:40:33'),
	(139, 4, 17, 134, 'ERHAN SANDAL REZERVE', '2018-10-31 09:40:33', '2018-10-31 09:40:33'),
	(140, 4, 17, 136, 'BEDELSİZ', '2018-10-31 09:40:33', '2018-10-31 09:40:33'),
	(141, 4, 17, 137, 'BİLİŞİM BİLGİSAYAR ELEKTRONİK ENDÜSTRİ VE OFİS OTOMASYON SİSTEMLERİ SANAYİ TİCARET LİMİTED ŞİRKETİ ERCİYES TEKNOPARK ŞUBESİ', '2018-10-31 09:40:33', '2018-10-31 09:40:33'),
	(142, 4, 17, 138, 'ABC TEKNOLOJİ SANAYİ VE TİCARET LİMİTED ŞİRKETİ', '2018-10-31 09:40:33', '2018-10-31 09:40:33'),
	(143, 4, 17, 139, 'ABG TEKNOLOJİ SİSTEMLERİ YAZILIM REKLAM EĞİTİM TURİZM SANAYİ VE TİCARET ANONİM ŞİRKETİ', '2018-10-31 09:40:33', '2018-10-31 09:40:33'),
	(144, 4, 18, 141, 'EMAR PROJE YAZILIM DANIŞMANLIK VE BİLİŞİM HİZMETLERİ SANAYİ TİCARET LİMİTED ŞİRKETİ', '2018-10-31 09:40:33', '2018-10-31 09:40:33'),
	(145, 4, 18, 142, 'BETONARGE MADENCİLİK YAPI MALZEMELERİ ARAŞTIRMA GELİŞTİRME DANIŞMANLIK HİZMETLERİ SANAYİ VE TİCARET LİMİTED ŞİRKETİ', '2018-10-31 09:40:33', '2018-10-31 09:40:33'),
	(146, 4, 18, 143, 'ONG MÜHENDİSLİK ARGE YENİLENEBİLİR ENERJİ MAKİNE İNŞAAT TAAHHÜT SANAYİ VE TİCARET LİMİTED ŞİRKETİ', '2018-10-31 09:40:33', '2018-10-31 09:40:33'),
	(147, 4, 18, 145, 'MURAT İSTANBULLUOĞLU - TÜM MÜŞAVİRLİK', '2018-10-31 09:40:33', '2018-10-31 09:40:33'),
	(148, 4, 18, 148, 'ATLAS SAYAÇ VE ÖLÇÜ ALETLERİ YAZILIM OTOMASYON SAN. VE TİC. A. Ş.', '2018-10-31 09:40:33', '2018-10-31 09:40:33'),
	(149, 4, 18, 149, 'İNDİS YAZILIM ARGE MÜHENDİSLİK SANAYİ TİCARET LİMİTED ŞİRKETİ', '2018-10-31 09:40:33', '2018-10-31 09:40:33'),
	(150, 4, 18, 150, 'SARNET BİLGİ VE İLETİŞİM TEKNOLOJİLERİ GIDA MADDELERİ SANAYİ TİCARET LİMİTED ŞİRKETİ', '2018-10-31 09:40:33', '2018-10-31 09:40:33'),
	(151, 4, 18, 151, 'ARGEA TEKNOLOJİ SANAYİ VE TİCARET ANONİM ŞİRKETİ', '2018-10-31 09:40:33', '2018-10-31 09:40:33'),
	(152, 4, 19, 152, 'ARGEUS MİMARLIK İNŞAAT ORGANİZASYON SANAYİ VE TİCARET LİMİTED ŞİRKETİ', '2018-10-31 09:40:33', '2018-10-31 09:40:33'),
	(153, 4, 19, 153, 'MUSTAFA MAYDA', '2018-10-31 09:40:33', '2018-10-31 09:40:33'),
	(154, 4, 19, 154, 'HARUN ÜNAL-PMA CONSULTING PROJE DANIŞMANLIK ARGE İNAVASYON SÜREÇ HİZMETLERİ', '2018-10-31 09:40:33', '2018-10-31 09:40:33'),
	(155, 4, 19, 157, 'İNTERSİS YAZILIM VE BİL.TEK.SAN.VE TİC.A.Ş.', '2018-10-31 09:40:33', '2018-10-31 09:40:33'),
	(156, 4, 19, 158, 'GÜLŞAH BAYRAM- OCEANNET', '2018-10-31 09:40:33', '2018-10-31 09:40:33'),
	(157, 4, 19, 159, 'KAFTAN YAZILIM BİLGİSAYAR ARGE BİLİŞİM GIDA VE MÜHENDİSLİK TİCARET İTHALAT İHRACAT LİMİTED ŞİRKETİ', '2018-10-31 09:40:33', '2018-10-31 09:40:33'),
	(158, 4, 19, 160, 'FORS BİLİŞİM YAZILIM DONANIM OTOMASYON VE AR-GE HİZMETLERİ SANAYİ VE TİCARET LİMİTED ŞİRKETİ', '2018-10-31 09:40:33', '2018-10-31 09:40:33'),
	(159, 4, 19, 161, 'LEAN YAZILIM VE BİLİŞİM TEKNOLOJİLERİ GIDA TARIM HAYVANCILIK SANAYİ VE TİCARET ANONİM ŞİRKETİ', '2018-10-31 09:40:33', '2018-10-31 09:40:33'),
	(160, 4, 20, 162, 'ULTRASONAR SAVUNMA VE HAVACILIK TEKNOLOJİLERİ ANONİM ŞİRKETİ', '2018-10-31 09:40:33', '2018-10-31 09:40:33'),
	(161, 4, 20, 163, 'FLOSİM MÜHENDİSLİK SANAYİ VE TİCARET LİMİTED ŞİRKETİ', '2018-10-31 09:40:33', '2018-10-31 09:40:33'),
	(162, 4, 20, 167, 'BAYRAM ALTINIŞIK-SHUTTLE YAZILIM DANIŞMANLIK MÜHENDİSLİK', '2018-10-31 09:40:33', '2018-10-31 09:40:33'),
	(163, 4, 20, 169, 'BİLİŞİM BİLGİSAYAR ELEKTRONİK ENDÜSTRİ VE OFİS OTOMASYON SİSTEMLERİ SANAYİ TİCARET LİMİTED ŞİRKETİ ERCİYES TEKNOPARK ŞUBESİ', '2018-10-31 09:40:33', '2018-10-31 09:40:33'),
	(164, 4, 20, 170, 'ORTA ANADOLU KALKINMA AJANSI (ORAN)', '2018-10-31 09:40:33', '2018-10-31 09:40:33'),
	(165, 4, 20, 171, 'ORTA ANADOLU KALKINMA AJANSI (ORAN)', '2018-10-31 09:40:33', '2018-10-31 09:40:33'),
	(166, 4, 17, 140, 'BEDELSİZ', '2018-10-31 09:40:33', '2018-10-31 09:40:33'),
	(167, 4, 16, 131, 'SİSTEM VETERİNER TARIMSAL İLAÇLAR HAYVANCILIK LABORATUAR HİZMETLERİ PAZARLAMA MEDİKAL GIDA EMLAK SANAYİ VE TİCARET LİMİTED ŞİRKETİ', '2018-10-31 09:40:33', '2018-10-31 09:40:33'),
	(168, 4, 18, 365, 'MERVE ÇAPAŞ', '2018-10-31 09:40:33', '2018-10-31 09:40:33'),
	(169, 4, 18, 366, 'ZAFER TÜRKMEN TAŞIT TASARIM ARAŞTIRMA GELİŞTİRME SANAYİ VE TİCARET LİMİTED ŞİRKETİ', '2018-10-31 09:40:33', '2018-10-31 09:40:33'),
	(170, 4, 18, 367, 'AKABİYOMED BİYOTEKNOLOJİ MEDİKAL VETERİNERLİK HİZMETLERİ TARIMSAL ÜRÜNLER PAZARLAMA DANIŞMANLIK İTHALAT İHRACAT SANAYİ VE TİCARET LİMİTED ŞİRKETİ', '2018-10-31 09:40:33', '2018-10-31 09:40:33'),
	(171, 4, 18, 368, 'KORNEA BİYOMEDİKAL OPTİK SİSTEMLER SANAYİ VE TİCARET LİMİTED ŞİRKETİ', '2018-10-31 09:40:34', '2018-10-31 09:40:34'),
	(172, 4, 18, 369, 'PAPALAGİ MİMARLIK TASARIM SANAYİ VE TİCARET LİMİTED ŞİRKETİ', '2018-10-31 09:40:34', '2018-10-31 09:40:34'),
	(173, 4, 18, 370, 'OPTİSENSE TEKNOLOJİ LİMİTED ŞİRKETİ', '2018-10-31 09:40:34', '2018-10-31 09:40:34'),
	(174, 4, 18, 371, 'ARTIBİR ARAŞTIRMA GELİŞTİRME MÜHENDİSLİK YAZILIM SANAYİ VE TİCARET LİMİTED ŞİRKETİ', '2018-10-31 09:40:34', '2018-10-31 09:40:34'),
	(175, 4, 18, 372, 'NANOSİN NANO TEKNOLOJİ ARGE DAN. SAN. TİC. LTD. ŞTİ.', '2018-10-31 09:40:34', '2018-10-31 09:40:34'),
	(176, 4, 18, 373, 'YST YAPI ARGE MÜHENDİSLİK MÜŞAVİRLİK YAZILIM TAAHHÜT SANAYİ VE TİCARET LİMİTED ŞİRKETİ', '2018-10-31 09:40:34', '2018-10-31 09:40:34'),
	(177, 4, 18, 375, 'INOVATİF EĞİTİM DANIŞMANLIK ARGE YAZILIM SAĞLIK LİMİTED ŞİRKETİ', '2018-10-31 09:40:34', '2018-10-31 09:40:34'),
	(178, 4, 18, 376, 'SMART ENS.ARGE EĞİT.DAN.YAZ.YAY.OFİS HİZ.SAN.TİC.LTD.ŞTİ.', '2018-10-31 09:40:34', '2018-10-31 09:40:34'),
	(179, 4, 18, 379, 'SUİT YAZILIM SANAYİ VE TİCARET LİMİTED ŞİRKETİ', '2018-10-31 09:40:34', '2018-10-31 09:40:34'),
	(180, 4, 18, 380, 'BEDELSİZ', '2018-10-31 09:40:34', '2018-10-31 09:40:34'),
	(181, 5, 21, 172, 'AREA TARIM LİMİTED ŞİRKETİ', '2018-10-31 09:40:34', '2018-10-31 09:40:34'),
	(182, 5, 21, 173, 'NEZAHAT CINGI - MCC YAZILIM MEDYA İNTERNET VE SİBER İLETİŞİM', '2018-10-31 09:40:34', '2018-10-31 09:40:34'),
	(183, 5, 21, 174, 'AHMET TAŞCIOĞLU - ART STRIPE SOFTWARE SOLUTİONS', '2018-10-31 09:40:34', '2018-10-31 09:40:34'),
	(184, 5, 21, 175, 'ERCİYES ARGE MERKEZİ MÜHENDİSLİK DANIŞMANLIK SANAYİ VE TİCARET LİMİTED ŞİRKETİ', '2018-10-31 09:40:34', '2018-10-31 09:40:34'),
	(185, 5, 21, 176, 'MUSTAFA ATALAN', '2018-10-31 09:40:34', '2018-10-31 09:40:34'),
	(186, 5, 21, 177, 'RİJİT ARGE DANIŞMANLIK YAPI ENDÜSTRİSİ SANAYİ VE TİCARET LİMİTED ŞİRKETİ', '2018-10-31 09:40:34', '2018-10-31 09:40:34'),
	(187, 5, 21, 178, 'ERCİYES ZEMİN PROJE MERKEZİ MÜHENDİSLİK MÜŞAVİRLİK MÜTEAHHİTLİK SANAYİ TİCARET LİMİTED ŞİRKETİ', '2018-10-31 09:40:34', '2018-10-31 09:40:34'),
	(188, 5, 21, 179, 'SEDAT TURAN- TEKDEN YAZILIM DANIŞMANLIK VE BİLİŞİM SİSTEMLERİ', '2018-10-31 09:40:34', '2018-10-31 09:40:34'),
	(189, 5, 21, 180, 'KÜBRA SELVİTOP - MATATEK BİLİŞİM TEKNOLOJİ VE DANIŞMANLIK', '2018-10-31 09:40:34', '2018-10-31 09:40:34'),
	(190, 5, 21, 181, 'PROJENIA ARGE VE MÜŞAVİRLİK HİZMETLERİ LİMİTED ŞİRKETİ', '2018-10-31 09:40:34', '2018-10-31 09:40:34'),
	(191, 5, 21, 182, 'MUSTAFA ERTÜRK -ER KA', '2018-10-31 09:40:34', '2018-10-31 09:40:34'),
	(192, 5, 21, 184, 'ALİ CAN BOZKURT - ACANSOFT', '2018-10-31 09:40:34', '2018-10-31 09:40:34'),
	(193, 5, 21, 185, 'İLKER KADİR YILMAZ - DOT YAZILIM ELEKTRONİK DANIŞMANLIK', '2018-10-31 09:40:34', '2018-10-31 09:40:34'),
	(194, 5, 21, 186, 'KABEN BİLGİSAYAR ARAŞTIRMA GELİŞTİRME ENERJİ EĞİTİM DANIŞMANLIK MÜHENDİSLİK SANAYİ VE TİCARET LİMİTED ŞİRKETİ', '2018-10-31 09:40:34', '2018-10-31 09:40:34'),
	(195, 5, 21, 187, 'YEKTİN YAZILIM SANAYİ VE TİCARET LİMİTED ŞİRKETİ', '2018-10-31 09:40:34', '2018-10-31 09:40:34'),
	(196, 5, 21, 188, 'NERIS İTHALAT İHRACAT LİMİTED ŞİRKETİ', '2018-10-31 09:40:34', '2018-10-31 09:40:34'),
	(197, 5, 21, 189, 'ALİZADE ELEKTROMEKANİK MAKİNA MÜHENDİSLİK İNŞAAT GIDA SANAYİ VE TİCARET LİMİTED ŞİRKETİ', '2018-10-31 09:40:34', '2018-10-31 09:40:34'),
	(198, 5, 21, 190, 'MEMFİS YAZILIM ELEKTRONİK TEKNOLOJİ MÜHENDİSLİK DANIŞMANLIK ARGE EĞİTİM İNŞAAT SANAYİ TİCARET LİMİTED ŞİRKETİ', '2018-10-31 09:40:34', '2018-10-31 09:40:34'),
	(199, 5, 21, 192, 'ATAGÜN MÜHENDİSLİK ELEKTRONİK TEKSTİL SANAYİ VE TİCARET- MEHMET ATAGÜN ERCİYES TEKNOPARK ŞUBESİ', '2018-10-31 09:40:34', '2018-10-31 09:40:34'),
	(200, 5, 21, 193, 'ÜMİT ATAY REZERVE', '2018-10-31 09:40:34', '2018-10-31 09:40:34'),
	(201, 5, 21, 194, 'RİİZ MAKİNE ARGE PROJE DANIŞMANLIK VE İNŞAAT SANAYİ VE TİCARET LİMİTED ŞİRKETİ', '2018-10-31 09:40:34', '2018-10-31 09:40:34'),
	(202, 5, 21, 195, 'SOLIDELECTRON KONTROL TEK. SAN. VE TİC. A.Ş.', '2018-10-31 09:40:34', '2018-10-31 09:40:34'),
	(203, 5, 21, 382, 'BEDELSİZ', '2018-10-31 09:40:34', '2018-10-31 09:40:34'),
	(204, 5, 21, 196, 'BİLİM AR-GE TEKNOLOJİK ÇÖZÜMLER ÇEVRE PROJE MERKEZİ İNŞAAT SANAYİ TİCARET LİMİTED ŞİRKETİ', '2018-10-31 09:40:34', '2018-10-31 09:40:34'),
	(205, 5, 21, 197, 'BİLİM AR-GE TEKNOLOJİK ÇÖZÜMLER ÇEVRE PROJE MERKEZİ İNŞAAT SANAYİ TİCARET LİMİTED ŞİRKETİ', '2018-10-31 09:40:34', '2018-10-31 09:40:34'),
	(206, 5, 22, 200, 'ASDEV ELEKTRONİK YAZILIM TASARIM TEKNOLOJİ ARAŞTIRMA GELİŞTİRME SANAYİ VE TİCARET ANONİM ŞİRKETİ', '2018-10-31 09:40:34', '2018-10-31 09:40:34'),
	(207, 5, 22, 201, 'KAAN KAŞIKARA - KUT İÇ MİMARLIK', '2018-10-31 09:40:34', '2018-10-31 09:40:34'),
	(208, 5, 22, 202, 'NMG TEKNİK TASARIM VE YATIRIM HİZMETLERİ SANAYİ TİCARET ANONİM ŞİRKETİ TEKNOPARK ŞUBESİ', '2018-10-31 09:40:34', '2018-10-31 09:40:34'),
	(209, 5, 22, 203, 'VİA AYDINLATMA ELEKTRİK ELEKTRONİK İNŞ. TAAH. YAZ. İTH. İHR. LTD. ŞTİ.', '2018-10-31 09:40:34', '2018-10-31 09:40:34'),
	(210, 5, 22, 204, 'MİDOTEK MÜHENDİSLİK SANAYİ VE TİCARET LİMİTED ŞİRKETİ', '2018-10-31 09:40:34', '2018-10-31 09:40:34'),
	(211, 5, 22, 205, 'ÇINAR BİLGİSAYAR VE ELEKTRONİK TİCARET LİMİTED ŞİRKETİ', '2018-10-31 09:40:34', '2018-10-31 09:40:34'),
	(212, 5, 22, 206, 'ARİF DAĞ- NİNOVA YAZILIM', '2018-10-31 09:40:34', '2018-10-31 09:40:34'),
	(213, 5, 22, 207, 'AISOLT YAPAY ZEKA ', '2018-10-31 09:40:34', '2018-10-31 09:40:34'),
	(214, 5, 22, 208, 'DECHORİA DİZAYN TEKNİK TASARIM YATIRIM SİSTEMLERİ SANAYİ VE TİCARET ANONİM ŞİRKETİ TEKNOPARK ŞUBESİ', '2018-10-31 09:40:34', '2018-10-31 09:40:34'),
	(215, 5, 22, 209, 'LENUVİA BİLİŞİM VE DANIŞMANLIK HİZMETLERİ SANAYİ VE TİCARET LİMİTED ŞİRKETİ', '2018-10-31 09:40:34', '2018-10-31 09:40:34'),
	(216, 5, 22, 210, 'PERGA YAZILIM OTOMASYON BİLİŞİM TEKNOLOJİLERİ SANAYİ VE TİCARET LİMİTED ŞİRKETİ TEKNOPARK ŞUBESİ', '2018-10-31 09:40:34', '2018-10-31 09:40:34'),
	(217, 5, 22, 211, 'TRANSOLT TEKNOLOJİ ANONİM ŞİRKETİ ERCİYES TEKNOPARK ŞUBESİ', '2018-10-31 09:40:34', '2018-10-31 09:40:34'),
	(218, 5, 23, 232, 'BEDELSİZ', '2018-10-31 09:40:34', '2018-10-31 09:40:34'),
	(219, 5, 22, 214, 'MUSTAFA HAKAN ÖZYİRMİDOKUZ - 29M MÜHENDİSLİK', '2018-10-31 09:40:34', '2018-10-31 09:40:34'),
	(220, 5, 22, 216, 'DESTEK PATENT ANONİM ŞİRKETİ KAYSERİ ŞUBESİ', '2018-10-31 09:40:34', '2018-10-31 09:40:34'),
	(221, 5, 22, 218, 'ATAK ULAŞIM ELEKTRONİK SANAYİ VE TİCARET LİMİTED ŞİRKETİ KAYSERİ TEKNOPARK ŞUBESİ', '2018-10-31 09:40:34', '2018-10-31 09:40:34'),
	(222, 5, 23, 219, 'MOLEKÜL TEKNOLOJİ ÜRÜNLERİ DANIŞMANLIK BİLGİSAYAR SANAYİ VE TİCARET LİMİTED ŞİRKETİ', '2018-10-31 09:40:34', '2018-10-31 09:40:34'),
	(223, 5, 23, 220, 'MOLEKÜL TEKNOLOJİ ÜRÜNLERİ DANIŞMANLIK BİLGİSAYAR SANAYİ VE TİCARET LİMİTED ŞİRKETİ', '2018-10-31 09:40:34', '2018-10-31 09:40:34'),
	(224, 5, 23, 221, 'OAG EĞİTİM VE DANIŞMANLIK HİZMETLERİ LİMİTED ŞİRKETİ', '2018-10-31 09:40:34', '2018-10-31 09:40:34'),
	(225, 5, 23, 222, 'YAKUP AKDEMİR -ER KAY İNTERNET VE ARACILIK HİZMETLERİ', '2018-10-31 09:40:34', '2018-10-31 09:40:34'),
	(226, 5, 23, 223, 'ADO YAZILIM VE OTOMASYON SİSTEMLERİ SANAYİ VE TİCARET ANONİM ŞİRKETİ', '2018-10-31 09:40:34', '2018-10-31 09:40:34'),
	(227, 5, 23, 224, 'AHMET ERSOY - AFAC BİLİŞİM', '2018-10-31 09:40:34', '2018-10-31 09:40:34'),
	(228, 5, 23, 225, 'BATU İNOVASYON YAZILIM MEDYA BİLGİSAYAR SANAYİ VE TİCARET LİMİTED ŞİRKETİ', '2018-10-31 09:40:34', '2018-10-31 09:40:34'),
	(229, 5, 23, 226, 'HAN VİNÇ İŞLETMECİLİĞİ SANAYİ VE TİCARET LİMİTED ŞİRKETİ', '2018-10-31 09:40:34', '2018-10-31 09:40:34'),
	(230, 5, 23, 227, 'MAZAKA YAZILIM DANIŞMANLIK MÜHENDİSLİK SANAYİ TİCARET LİMİTED ŞİRKETİ', '2018-10-31 09:40:34', '2018-10-31 09:40:34'),
	(231, 5, 23, 228, 'SAHİR YAZILIM MÜHENDİSLİK SANAYİ VE TİCARET LİMİTED ŞİRKETİ TEKNOPARK ŞUBESİ', '2018-10-31 09:40:34', '2018-10-31 09:40:34'),
	(232, 5, 23, 229, 'ERAT TELEKOMÜNİKASYON SAN.VE TİC.LTD.ŞTİ.', '2018-10-31 09:40:34', '2018-10-31 09:40:34'),
	(233, 5, 23, 230, 'ORCABİT BİLİŞİM ANONİM ŞİRKETİ', '2018-10-31 09:40:34', '2018-10-31 09:40:34'),
	(234, 5, 23, 234, 'ERSER DESTEK VE LOJİSTİK HİZMETLERİ TİCARET ANONİM ŞİRKETİ', '2018-10-31 09:40:34', '2018-10-31 09:40:34'),
	(235, 5, 23, 235, 'RAMAZAN FIRIN - MASTER TEKNOLOJİ', '2018-10-31 09:40:34', '2018-10-31 09:40:34'),
	(236, 5, 23, 236, 'TURKUVAZ İNOVASYON SİSTEM ÇÖZÜMLERİ ENDÜSTRİYEL OTOMASYON YAZILIM MÜHENDİSLİK DANIŞMANLIK SANAYİ VE TİCARET ANONİM ŞİRKETİ', '2018-10-31 09:40:34', '2018-10-31 09:40:34'),
	(237, 5, 23, 237, '4 P TEKNOLOJİ ARAŞTIRMA VE GELİŞTİRME LİMİTED ŞİRKETİ', '2018-10-31 09:40:34', '2018-10-31 09:40:34'),
	(238, 5, 24, 240, 'VİİTA CONCEPT ANONİM ŞİRKETİ', '2018-10-31 09:40:34', '2018-10-31 09:40:34'),
	(239, 5, 24, 241, 'BEDELSİZ', '2018-10-31 09:40:34', '2018-10-31 09:40:34'),
	(240, 5, 24, 242, 'EBS ANALİZ OTOMOTİV YÖNETİM DANIŞMANLIĞI SANAYİ VE TİCARET ANONİM ŞİRKETİ', '2018-10-31 09:40:34', '2018-10-31 09:40:34'),
	(241, 5, 24, 243, 'ERBE YAZILIM ELEKTRONİK SANAYİ VE TİCARET LİMİTED ŞİRKETİ', '2018-10-31 09:40:34', '2018-10-31 09:40:34'),
	(242, 5, 24, 244, 'MNF ARAŞTIRMA GELİŞTİRME MAKİNA SANAYİ VE TİCARET ANONİM ŞİRKETİ', '2018-10-31 09:40:34', '2018-10-31 09:40:34'),
	(243, 5, 24, 245, 'SA YAZILIM SANAYİ VE TİCARET LİMİTED ŞİRKETİ', '2018-10-31 09:40:34', '2018-10-31 09:40:34'),
	(244, 5, 24, 246, 'ARGERF ELEKTRONİK OTOMASYON YAZILIM SAVUNMA SANAYİ VE TİCARET LİMİTED ŞİRKETİ', '2018-10-31 09:40:34', '2018-10-31 09:40:34'),
	(245, 5, 24, 247, 'ARGERF ELEKTRONİK OTOMASYON YAZILIM SAVUNMA SANAYİ VE TİCARET LİMİTED ŞİRKETİ', '2018-10-31 09:40:34', '2018-10-31 09:40:34'),
	(246, 5, 24, 252, 'ERDEM KAYA PATENT VE DANIŞMANLIK ANONİM ŞİRKETİ ERCİYES ŞUBESİ', '2018-10-31 09:40:34', '2018-10-31 09:40:34'),
	(247, 5, 24, 253, 'TURCOSA ANALİTİK ÇÖZÜMLEMELER YAZILIM TEKNOLOJİ ARGE SANAYİ VE TİCARET LİMİTED ŞİRKETİ', '2018-10-31 09:40:34', '2018-10-31 09:40:34'),
	(248, 5, 24, 254, 'KAYTEN TEKNOLOJİ ÜRÜNLERİ SANAYİ VE DIŞ TİCARET LİMİTED ŞİRKETİ', '2018-10-31 09:40:34', '2018-10-31 09:40:34'),
	(249, 5, 24, 255, 'KAYTEN TEKNOLOJİ ÜRÜNLERİ SANAYİ VE DIŞ TİCARET LİMİTED ŞİRKETİ', '2018-10-31 09:40:34', '2018-10-31 09:40:34'),
	(250, 5, 25, 259, 'BATRON ARGE DANIŞMANLIK ELEKTRONİK SANAYİ VE TİCARET LİMİTED ŞİRKETİ', '2018-10-31 09:40:34', '2018-10-31 09:40:34'),
	(251, 5, 25, 258, 'YERLİ NANO ENZİM HİBRİT TEKNOLOJİSİ ARGE DANIŞMANLIK SANAYİ VE TİCARET LİMİTED ŞİRKETİ', '2018-10-31 09:40:34', '2018-10-31 09:40:34'),
	(252, 5, 25, 262, 'USTURLAB MÜHENDİSLİK TEKNOLOJİ ARAŞTIRMA GELİŞTİRME SANAYİ VE TİCARET LİMİTED ŞİRKETİ', '2018-10-31 09:40:34', '2018-10-31 09:40:34'),
	(253, 5, 25, 260, 'MIPS LABORATUVAR ARGE YAZILIM SANAYİ VE TİCARET LİMİTED ŞİRKETİ', '2018-10-31 09:40:34', '2018-10-31 09:40:34'),
	(254, 1, 2, 283, 'ABİS TEKNOLOJİ LTD.ŞTİ.', '2018-10-31 09:41:50', '2018-10-31 09:41:50'),
	(255, 1, 2, 285, 'ABİS TEKNOLOJİ LTD.ŞTİ.', '2018-10-31 09:41:57', '2018-10-31 09:41:57'),
	(256, 1, 8, 345, 'Tekno', '2018-10-31 09:43:03', '2018-10-31 09:43:03'),
	(257, 1, 1, 280, 'Tekno', '2018-10-31 09:46:04', '2018-10-31 09:46:04'),
	(258, 1, 1, 281, 'Tekno', '2018-10-31 09:46:11', '2018-10-31 09:46:11'),
	(259, 1, 1, 276, 'Tekno', '2018-10-31 09:46:19', '2018-10-31 09:46:19'),
	(260, 1, 1, 278, 'Tekno', '2018-10-31 09:46:31', '2018-10-31 09:46:31'),
	(261, 1, 1, 279, 'Tekno', '2018-10-31 09:46:38', '2018-10-31 09:46:38'),
	(262, 2, 9, 40, 'Tekno', '2018-10-31 09:47:14', '2018-10-31 09:47:14'),
	(263, 3, 13, 362, 'BEDELSİZ', '2018-10-31 09:53:51', '2018-10-31 09:53:51'),
	(264, 5, 22, 212, 'Bedelsizler', '2018-10-31 09:55:49', '2018-10-31 09:55:49'),
	(265, 5, 22, 213, 'Bedelsizler', '2018-10-31 09:55:54', '2018-10-31 09:55:54'),
	(266, 1, 1, 267, 'ZANKA MÜHENDİSLİK LİMİTED ŞİRKETİ', '2018-10-31 10:30:03', '2018-10-31 10:30:03'),
	(267, 1, 1, 268, 'MUHARREM KÖSE - KENT MEDIA İNTERNET HİZMETLERİ BASIN YAYIN VE REKLAMCILIK', '2018-10-31 10:30:03', '2018-10-31 10:30:03'),
	(268, 1, 1, 269, 'LESCARD YAZILIM DANIŞMANLIK VE İNSAN KAYNAKLARI LİMİTED ŞİRKETİ', '2018-10-31 10:30:03', '2018-10-31 10:30:03'),
	(269, 1, 1, 270, 'MUSTAFA KOÇER-NETSOFT BİLİŞİM VE YAZILIM SİSTEMLERİ', '2018-10-31 10:30:03', '2018-10-31 10:30:03'),
	(270, 1, 1, 272, 'ELZ TEKNOLOJİ BİLGİSAYAR ELEKTRONİK ELEKTRİK MAKİNA İTHALAT İHRACAT SANAYİ VE TİCARET LİMİTED ŞİRKETİ  ', '2018-10-31 10:30:03', '2018-10-31 10:30:03'),
	(271, 1, 1, 273, 'SEDA ZEYNELOĞLU-TEKNOBAHÇE CAFE VE RESTAURANT', '2018-10-31 10:30:03', '2018-10-31 10:30:03'),
	(272, 1, 2, 289, 'MUHUTTİN UMAÇ - ZİRVE TEKNO PARK', '2018-10-31 10:30:03', '2018-10-31 10:30:03'),
	(273, 1, 2, 290, 'NANOME NANO TEKN.ARGE DAN.SAN.VE TİC.LTD.ŞTİ.', '2018-10-31 10:30:03', '2018-10-31 10:30:03'),
	(274, 1, 2, 291, 'PIXELANCE YAZILIM VE MÜHENDİSLİK LİMİTED ŞİRKETİ', '2018-10-31 10:30:03', '2018-10-31 10:30:03'),
	(275, 1, 2, 292, 'ONUR FENAR-T5 BİLGİ SİSTEMLERİ', '2018-10-31 10:30:03', '2018-10-31 10:30:03'),
	(276, 1, 2, 293, 'PAŞA PAŞAYEV -BUTA MEDYA BİLİŞİM TASARIM', '2018-10-31 10:30:03', '2018-10-31 10:30:03'),
	(277, 1, 4, 294, 'EFEKTİF ENDÜSTRİYEL ENERJİ MÜHENDİSLİK DIŞ TİCARET EĞİTİM ETÜT PROJE UYGULAMA AR-GE YAZILIM VE DANIŞMANLIK HİZMETLERİ İNŞAAT TAAHHÜT TİCARET VE SANAYİ ANONİM ŞİRKETİ', '2018-10-31 10:30:03', '2018-10-31 10:30:03'),
	(278, 1, 4, 297, 'EMCEKARE ENERJİ ARAŞTIRMA GELİŞTİRME PROJE YAZILIM İNŞAAT TAAHHÜT VE MÜHENDİSLİK ANONİM ŞİRKETİ', '2018-10-31 10:30:03', '2018-10-31 10:30:03'),
	(279, 1, 4, 298, 'NEBULA YAZILIM TAS.İÇ VE DIŞ TİC.A.Ş.TEKNOPARK ŞB.', '2018-10-31 10:30:03', '2018-10-31 10:30:03'),
	(280, 1, 4, 299, 'İNNOFOMA SİSTEM TASARIM ARGE MÜHENDİSLİK SANAYİ VE TİCARET LİMİTED ŞİRKETİ', '2018-10-31 10:30:03', '2018-10-31 10:30:03'),
	(281, 1, 4, 300, 'YAPRAK YAZILIM BİLİŞİM TEKNOLOJİLERİ SANAYİ VE TİCARET LİMİTED ŞİRKETİ', '2018-10-31 10:30:03', '2018-10-31 10:30:03'),
	(282, 1, 4, 301, 'YAPRAK YAZILIM BİLİŞİM TEKNOLOJİLERİ SANAYİ VE TİCARET LİMİTED ŞİRKETİ', '2018-10-31 10:30:03', '2018-10-31 10:30:03'),
	(283, 1, 4, 303, 'YEKTİN YAZILIM - NAMIK KEMAL YEKTİN', '2018-10-31 10:30:03', '2018-10-31 10:30:03'),
	(284, 1, 4, 304, 'TTE MÜHENDİSLİK DANIŞMANLIK ARAŞTIRMA GELİŞTİRME YAZILIM İNŞAAT TAAHHÜT SANAYİ VE TİCARET LİMİTED ŞİRKETİ', '2018-10-31 10:30:03', '2018-10-31 10:30:03'),
	(285, 1, 4, 305, 'AYDINER TAHAN - ARGE ENERJİ MÜHENDİSLİK YAZILIM', '2018-10-31 10:30:03', '2018-10-31 10:30:03'),
	(286, 1, 4, 306, 'HİLMİ ORALHAN - ORALHAN İNOVASYON', '2018-10-31 10:30:03', '2018-10-31 10:30:03'),
	(287, 1, 4, 307, 'EFEKTİF ENDÜSTRİYEL ENERJİ MÜHENDİSLİK DIŞ TİCARET EĞİTİM ETÜT PROJE UYGULAMA AR-GE YAZILIM VE DANIŞMANLIK HİZMETLERİ İNŞAAT TAAHHÜT TİCARET VE SANAYİ ANONİM ŞİRKETİ', '2018-10-31 10:30:03', '2018-10-31 10:30:03'),
	(288, 1, 5, 312, 'İSHAK AFŞİN KARİPER-YAPAY ELMAS KAPLAMA', '2018-10-31 10:30:03', '2018-10-31 10:30:03'),
	(289, 1, 5, 315, 'İPEK BİLGİSAYAR ENDÜSTRİ VE OFİS OTOMASYON SİSTEMLERİ SANAYİ VE TİCARET LİMİTED ŞİRKETİ AR-GE VE YAZILIM GELİŞTİRME ŞUBESİ', '2018-10-31 10:30:03', '2018-10-31 10:30:03'),
	(290, 1, 5, 316, 'FATİH ŞAHİN - İPEKYOLU YAZILIM HİZMETLERİ', '2018-10-31 10:30:03', '2018-10-31 10:30:03'),
	(291, 1, 5, 317, 'İNOSİS YAZILIM BİLGİSAYAR VE BİLİŞİM TEKNOLOJİLERİ SAN.TİC.LTD.ŞTİ.', '2018-10-31 10:30:03', '2018-10-31 10:30:03'),
	(292, 1, 5, 320, 'ÖZREELS AMBALAJ NAK.ORM.ÜRÜN.İTH.İHR.SAN.VE TİC.LTD.ŞTİ.', '2018-10-31 10:30:03', '2018-10-31 10:30:03'),
	(293, 1, 6, 321, 'BİLETAL İÇ VE DIŞ TİCARET ANONİM ŞİRKETİ TEKNOPARK ŞUBESİ', '2018-10-31 10:30:03', '2018-10-31 10:30:03'),
	(294, 1, 6, 325, 'LODOS TEKNOLOJİ ELEKTRONİK VE YAZILIM SANAYİ TİCARET LİMİTED ŞİRKETİ', '2018-10-31 10:30:03', '2018-10-31 10:30:03'),
	(295, 1, 6, 326, 'RECEP GARİP REGA YAZILIM', '2018-10-31 10:30:03', '2018-10-31 10:30:03'),
	(296, 1, 6, 327, 'TURİM MİMARLIK MÜHENDİSLİK TEKNİK MÜŞAVİRLİK TURİZM İNŞAAT TİCARET VE SANAYİ LİMİTED ŞİRKETİ TEKNOPARK ŞUBESİ', '2018-10-31 10:30:03', '2018-10-31 10:30:03'),
	(297, 1, 6, 330, 'ÜNSA MİMARLIK ELEKTRİK İNŞAAT SANAYİ VE TİCARET LİMİTED ŞİRKETİ ERCİYES ÜNİVERSİTESİ TEKNOPARK ŞUBESİ', '2018-10-31 10:30:03', '2018-10-31 10:30:03'),
	(298, 1, 6, 331, 'DEVRİM TOPUZ', '2018-10-31 10:30:03', '2018-10-31 10:30:03'),
	(299, 1, 6, 332, 'ERDEM KOCA', '2018-10-31 10:30:03', '2018-10-31 10:30:03'),
	(300, 1, 6, 333, 'ERDEM KOCA', '2018-10-31 10:30:03', '2018-10-31 10:30:03'),
	(301, 1, 6, 334, 'BİLİMPLANT DİŞ MALZEMELERİ VE MEDİKAL ARGE YAZILIM SANAYİ TİCARET LİMİTED ŞİRKETİ', '2018-10-31 10:30:03', '2018-10-31 10:30:03'),
	(302, 1, 8, 335, 'MİPATEK MİMARLIK MÜHENDİSLİK PLANLAMA İNŞAAT YENİLENEBİLİR ENERJİ ARGE YAZILIM DONANIM DANIŞMANLIK SANAYİ VE TİCARET LİMİTED ŞİRKETİ', '2018-10-31 10:30:03', '2018-10-31 10:30:03'),
	(303, 1, 8, 339, 'BİT BİLİŞİM TEKNOLOJİLERİ YAZILIM ELEKTRONİK TELEKOM DANIŞMANLIK HİZMETLERİ SANAYİ VE TİCARET LİMİTED ŞİRKETİ', '2018-10-31 10:30:03', '2018-10-31 10:30:03'),
	(304, 1, 8, 340, 'AK-KA ASANSÖR OTOMASYON İNŞAAT SANAYİ VE TİCARET LİMİTED ŞİRKETİ', '2018-10-31 10:30:03', '2018-10-31 10:30:03'),
	(305, 1, 8, 341, 'AK İNOVASYON DANIŞMANLIK LİMİTED ŞİRKETİ', '2018-10-31 10:30:03', '2018-10-31 10:30:03'),
	(306, 1, 8, 342, 'İBRAHİM TOK - PROJE HESAP PROJECİLİK HİZMETLERİ', '2018-10-31 10:30:03', '2018-10-31 10:30:03'),
	(307, 1, 8, 344, 'ERCİYES İLAÇ BİTKİSEL DESTEK ÜRÜNLERİ ARGE SANAYİ TİCARET LİMİTED ŞİRKETİ', '2018-10-31 10:30:03', '2018-10-31 10:30:03'),
	(308, 1, 2, 284, 'ABİS TEKNOLOJİ LTD.ŞTİ.', '2018-10-31 10:30:04', '2018-10-31 10:30:04'),
	(309, 1, 2, 286, 'ABİS TEKNOLOJİ LTD.ŞTİ.', '2018-10-31 10:30:04', '2018-10-31 10:30:04'),
	(310, 1, 2, 282, 'ABİS TEKNOLOJİ LTD.ŞTİ.', '2018-10-31 10:30:04', '2018-10-31 10:30:04'),
	(311, 1, 4, 295, 'GNS SOLAR YENİLENEBİLİR ENERJİ ELEKTRİK İNŞAAT SANAYİ VE TİCARET LİMİTED ŞİRKETİ', '2018-10-31 10:30:04', '2018-10-31 10:30:04'),
	(312, 1, 4, 296, 'GNS SOLAR YENİLENEBİLİR ENERJİ ELEKTRİK İNŞAAT SANAYİ VE TİCARET LİMİTED ŞİRKETİ', '2018-10-31 10:30:04', '2018-10-31 10:30:04'),
	(313, 1, 5, 309, 'URUK ENDÜSTRİYEL ÜRÜNLER SANAYİ VE TİCARET LİMİTED ŞİRKETİ', '2018-10-31 10:30:04', '2018-10-31 10:30:04'),
	(314, 1, 5, 310, 'URUK ENDÜSTRİYEL ÜRÜNLER SANAYİ VE TİCARET LİMİTED ŞİRKETİ', '2018-10-31 10:30:04', '2018-10-31 10:30:04'),
	(315, 1, 5, 318, 'İNOSİS YAZILIM BİLGİSAYAR VE BİLİŞİM TEKNOLOJİLERİ SAN.TİC.LTD.ŞTİ.', '2018-10-31 10:30:04', '2018-10-31 10:30:04'),
	(316, 1, 5, 319, 'İNOSİS YAZILIM BİLGİSAYAR VE BİLİŞİM TEKNOLOJİLERİ SAN.TİC.LTD.ŞTİ.', '2018-10-31 10:30:04', '2018-10-31 10:30:04'),
	(317, 1, 8, 336, 'ERİA TEKNOLOJİ YAZILIM DANIŞMANLIK ARGE VE TİCARET LİMİTED ŞİRKETİ', '2018-10-31 10:30:04', '2018-10-31 10:30:04'),
	(318, 1, 8, 337, 'ERİA TEKNOLOJİ YAZILIM DANIŞMANLIK ARGE VE TİCARET LİMİTED ŞİRKETİ', '2018-10-31 10:30:04', '2018-10-31 10:30:04'),
	(319, 2, 9, 27, 'ORASSİST YAZILIM SANAYİ VE TİCARET LİMİTED ŞİRKETİ', '2018-10-31 10:30:04', '2018-10-31 10:30:04'),
	(320, 2, 9, 28, 'BFG TEKNOLOJİK ARAŞTIRMALAR AKREDİTASYON SANAYİ VE TİCARET LİMİTED ŞİRKETİ', '2018-10-31 10:30:04', '2018-10-31 10:30:04'),
	(321, 2, 9, 29, 'İLTELİS İLERİ TEKNOLOJİ ELEKTRONİK VE İLETİŞİM SİSTEMLERİ MÜHENDİSLİK BİLGİSAYAR SANAYİ VE TİCARET LİMİTED ŞİRKETİ', '2018-10-31 10:30:04', '2018-10-31 10:30:04'),
	(322, 2, 9, 30, 'VERİ VERDE PROJE DANIŞMANLIK ARGE EĞİTİM MÜHENDİSLİK ENERJİ TASARIM SANAYİ VE TİCARET LİMİTED ŞİRKETİ', '2018-10-31 10:30:04', '2018-10-31 10:30:04'),
	(323, 2, 9, 31, 'NANOBİOTECH ARGE İNOV.SAĞ.ÜRÜN.SAN.VE TİC.LTD.ŞTİ.', '2018-10-31 10:30:04', '2018-10-31 10:30:04'),
	(324, 2, 9, 32, 'NİVERA BİLGİ TEKNOLOJİLERİ TURİZM SANAYİ VE TİCARET LİMİTED ŞİRKETİ', '2018-10-31 10:30:04', '2018-10-31 10:30:04'),
	(325, 2, 9, 33, 'DOĞATECH ARAŞTIRMA GELİŞTİRME TARIM ÜRÜNLERİ GIDA HAYVANCILIK SANAYİ VE TİCARET LİMİTED ŞİRKETİ', '2018-10-31 10:30:04', '2018-10-31 10:30:04'),
	(326, 2, 9, 34, 'ABDURRAHMAN FIRAT-OPTİJET ARGE', '2018-10-31 10:30:04', '2018-10-31 10:30:04'),
	(327, 2, 9, 35, 'MENDA MEDİKAL VE ENDÜSTRİYEL DONANIM VE ARAŞTIRMALAR SANAYİ VE TİCARET LİMİTED ŞİRKETİ', '2018-10-31 10:30:04', '2018-10-31 10:30:04'),
	(328, 2, 9, 36, 'ŞAHİTTİN AYDEMİR ENERJİ SİSTEMLERİ SANAYİ VE TİCARET LİMİTED ŞİRKETİ', '2018-10-31 10:30:04', '2018-10-31 10:30:04'),
	(329, 2, 9, 37, 'MALAZGİRT MADENCİLİK SANAYİ VE TİCARET ANONİM ŞİRKETİ', '2018-10-31 10:30:04', '2018-10-31 10:30:04'),
	(330, 2, 9, 38, 'TMAAS YAZILIM TEKNOLOJİLERİ SANAYİ VE TİCARET LİMİTED ŞİRKETİ', '2018-10-31 10:30:04', '2018-10-31 10:30:04'),
	(331, 2, 10, 346, 'ERHAN ÇEMREK - ÇEMREK BİLGİ TEKNOLOJİLERİ MÜHENDİSLİK VE DANIŞMANLIK HİZMETLERİ', '2018-10-31 10:30:04', '2018-10-31 10:30:04'),
	(332, 2, 10, 347, 'APRON TEKNOLOJİ ANONİM ŞİRKETİ - TEKNOPARK ŞUBESİ', '2018-10-31 10:30:04', '2018-10-31 10:30:04'),
	(333, 2, 10, 348, 'HASAN GAZİ AKBAŞ - SHG MÜHENDİSLİK', '2018-10-31 10:30:04', '2018-10-31 10:30:04'),
	(334, 2, 10, 349, 'ALPAN FARMA AR-GE BİYOTEKNOLOJİLERİ LİMİTED ŞİRKETİ', '2018-10-31 10:30:04', '2018-10-31 10:30:04'),
	(335, 2, 10, 350, 'SANFRA İLAÇ VE TIBBİ ÜRÜNLER İTHALAT VE İHRACAT PAZARLAMA LİMİTED ŞİRKETİ TEKNOPARK ŞUBESİ', '2018-10-31 10:30:04', '2018-10-31 10:30:04'),
	(336, 2, 10, 351, 'MEDİTEK YAZILIM EĞİTİM VE DANIŞMANLIK LİMİTED ŞİRKETİ', '2018-10-31 10:30:04', '2018-10-31 10:30:04'),
	(337, 2, 10, 353, 'ABİDİN ÖZLER - MEDİTEK YAZILIM', '2018-10-31 10:30:04', '2018-10-31 10:30:04'),
	(338, 2, 10, 354, 'İNNO SOFT YAZILIM ARGE VE REKLAM TİCARET LİMİTED ŞİRKETİ', '2018-10-31 10:30:04', '2018-10-31 10:30:04'),
	(339, 2, 10, 355, 'DERASİS BİLİŞİM LİMİTED ŞİRKETİ', '2018-10-31 10:30:04', '2018-10-31 10:30:04'),
	(340, 2, 10, 356, 'FNF TEKNOLOJİ SANAYİ VE TİCARET LİMİTED ŞİRKETİ TEKNOPARK ŞUBESİ', '2018-10-31 10:30:04', '2018-10-31 10:30:04'),
	(341, 2, 10, 357, 'CRYOCAN BASINÇLI KAPLAR ENDÜSTRİYEL TESİSLER SANAYİ VE TİCARET LİMİTED ŞİRKETİ ARGE ŞUBESİ', '2018-10-31 10:30:04', '2018-10-31 10:30:04'),
	(342, 2, 10, 358, 'CAN SOLAR ENERJİ ÜRETİM VE İNŞAAT SANAYİ TİCARET ANONİM ŞİRKETİ', '2018-10-31 10:30:04', '2018-10-31 10:30:04'),
	(343, 2, 9, 39, 'SFPT BİTECH SAĞ.REZ.', '2018-10-31 10:30:04', '2018-10-31 10:30:04'),
	(344, 2, 10, 352, 'SANFRA İLAÇ VE TIBBİ ÜRÜNLER İTHALAT VE İHRACAT PAZARLAMA LİMİTED ŞİRKETİ TEKNOPARK ŞUBESİ', '2018-10-31 10:30:04', '2018-10-31 10:30:04'),
	(345, 2, 10, 360, 'BEDELSİZ', '2018-10-31 10:30:04', '2018-10-31 10:30:04'),
	(346, 3, 11, 55, 'BEDELSİZ', '2018-10-31 10:30:04', '2018-10-31 10:30:04'),
	(347, 3, 11, 56, 'BEDELSİZ', '2018-10-31 10:30:04', '2018-10-31 10:30:04'),
	(348, 3, 11, 361, 'BEDELSİZ', '2018-10-31 10:30:04', '2018-10-31 10:30:04'),
	(349, 1, 1, 275, 'uğur şahin rezerve', '2018-11-01 09:18:49', '2018-11-01 09:18:49'),
	(350, 1, 1, 268, 'MUHARREM KÖSE', '2018-11-01 09:24:04', '2018-11-01 09:24:04'),
	(351, 1, 5, 313, 'MUSTAFA ÖZŞERBETÇİ', '2018-11-01 09:33:35', '2018-11-01 09:33:35'),
	(352, 1, 5, 314, 'CODE 5 YAZILIM', '2018-11-01 09:33:49', '2018-11-01 09:33:49'),
	(353, 1, 5, 311, 'AKGÜN KORKMAZOĞLU', '2018-11-01 09:34:16', '2018-11-01 09:34:16'),
	(354, 2, 10, 359, 'DERİN VERİ', '2018-11-01 09:42:24', '2018-11-01 09:42:24'),
	(355, 3, 12, 76, 'NETCOM BİLGİSAYAR YAZILIM İNTERNET VE TELEKOMİNİKASYON HİZMETLERİ SANAYİ VE TİCARET ANONİM ŞİRKETİ', '2018-11-01 09:48:48', '2018-11-01 09:48:48'),
	(356, 3, 12, 75, 'NETSİM BİLGİSAYAR SİSTEMLERİ YAZILIM VE DONANIMI SANAYİ VE TİCARET ANONİM ŞİRKETİ', '2018-11-01 09:49:10', '2018-11-01 09:49:10'),
	(357, 3, 12, 74, 'FORA TEKNOLOJİ SANAYİ VE TİCARET LİMİTED ŞİRKETİ KAYSERİ ŞUBESİ', '2018-11-01 09:49:23', '2018-11-01 09:49:23'),
	(358, 3, 13, 86, 'NETCOM BİLGİSAYAR YAZILIM İNTERNET VE TELEKOMİNİKASYON HİZMETLERİ SANAYİ VE TİCARET ANONİM ŞİRKETİ', '2018-11-01 09:53:49', '2018-11-01 09:53:49'),
	(359, 3, 13, 85, 'NETSİM BİLGİSAYAR SİSTEMLERİ YAZILIM VE DONANIMI SANAYİ VE TİCARET ANONİM ŞİRKETİ', '2018-11-01 09:54:00', '2018-11-01 09:54:00'),
	(360, 3, 13, 84, 'FORA TEKNOLOJİ SANAYİ VE TİCARET LİMİTED ŞİRKETİ KAYSERİ ŞUBESİ', '2018-11-01 09:54:09', '2018-11-01 09:54:09'),
	(361, 4, 16, 108, 'ROSVİYEN', '2018-11-01 09:58:20', '2018-11-01 09:58:20'),
	(362, 4, 16, 111, 'MİDOTEK MÜHENDİSLİK SANAYİ VE TİCARET LİMİTED ŞİRKETİ', '2018-11-01 09:58:36', '2018-11-01 09:58:36'),
	(363, 4, 16, 129, 'KAYNAR ARGE', '2018-11-01 09:59:17', '2018-11-01 09:59:17'),
	(364, 4, 17, 135, 'PERGA YAZILIM', '2018-11-01 10:05:09', '2018-11-01 10:05:09'),
	(365, 5, 21, 191, 'ERVİS TEKNOLOJİ', '2018-11-01 10:42:57', '2018-11-01 10:42:57'),
	(366, 5, 23, 229, 'ZİYA KILIÇ-KAR TEKNOLOJİ', '2018-11-01 10:45:10', '2018-11-01 10:45:10'),
	(367, 5, 23, 229, 'ZİYA KILIÇ-KAR TEKNOLOJİ', '2018-11-01 10:45:29', '2018-11-01 10:45:29'),
	(368, 5, 23, 229, 'ZİYA KILIÇ-KAR TEKNOLOJİ', '2018-11-01 10:47:07', '2018-11-01 10:47:07'),
	(369, 5, 24, 250, 'ARİF DAĞ-NİNOVA YAZILIM', '2018-11-01 10:48:29', '2018-11-01 10:48:29'),
	(370, 1, 1, 275, 'USEM ARGE VE DANIŞMANLIK SANAYİ VE TİCARET LİMİTED ŞİRKETİ', '2018-12-11 11:42:34', '2018-12-11 11:42:34'),
	(371, 5, 22, 204, 'KOÇ VE KOÇ TEKNOLOJİ ÜRÜNLERİ ENERJİ İNŞAAT SANAYİ VE TİCARET LİMİTED ŞİRKETİ', '2018-12-11 11:51:55', '2018-12-11 11:51:55'),
	(372, 5, 22, 210, 'MEDDENT YAZILIM SANAYİ VE TİCARET LİMİTED ŞİRKETİ', '2018-12-11 11:52:37', '2018-12-11 11:52:37'),
	(373, 5, 23, 231, 'NİHAT KARABULUT- MİX TEKNOLOJİ', '2018-12-11 11:53:23', '2018-12-11 11:53:23'),
	(374, 5, 23, 226, 'ALBAY MÜHENDİSLİK BİLGİSAYAR ARAŞTIRMA GELİŞTİRME YAZILIM SANAYİ VE TİCARET LİMİTED ŞİRKETİ', '2018-12-11 11:53:47', '2018-12-11 11:53:47'),
	(375, 4, 16, 118, 'ZAFER TÜRKMEN', '2019-01-10 09:20:01', '2019-01-10 09:20:01'),
	(376, 4, 16, 113, 'DOĞANCAN TÜFEKCİOĞLU-MADCORVUS', '2019-01-10 09:20:42', '2019-01-10 09:20:42'),
	(377, 4, 17, 134, 'ESTRON KABLOSUZ HABERLEŞME SİSTEMLERİ YAZILIM ARGE VE OTOMASYON SANAYİ TİCARET ANONİM ŞİRKETİ', '2019-01-10 09:21:30', '2019-01-10 09:21:30'),
	(378, 5, 21, 182, 'SUİT YAZILIM SAN.VE TİC.LTD.ŞTİ.', '2019-01-10 09:23:43', '2019-01-10 09:23:43'),
	(379, 5, 21, 176, 'AHMET TAŞÇIOĞLU-ART STRIPE SOFTWARE SOLUTİONS', '2019-01-10 09:25:02', '2019-01-10 09:25:02'),
	(380, 3, 11, 65, 'NETSİM BİLGİSAYAR SİSTEMLERİ YAZILIM VE DONANIMI SANAYİ VE TİCARET ANONİM ŞİRKETİ', '2019-01-15 10:00:26', '2019-01-15 10:00:26'),
	(381, 3, 11, 66, 'NETCOM BİLGİSAYAR YAZILIM İNTERNET VE TELEKOMİNİKASYON HİZMETLERİ SANAYİ VE TİCARET ANONİM ŞİRKETİ', '2019-01-15 10:00:39', '2019-01-15 10:00:39'),
	(382, 3, 11, 64, 'LİFOSBİO TARIM ARGE SANAYİ VE TİCARET LİMİTED ŞİRKETİ', '2019-01-15 10:01:02', '2019-01-15 10:01:02'),
	(383, 3, 11, 59, 'HALİL SATILUŞAĞI - T TEK BİLGİ SİSTEMLERİ DANIŞMANLIK YAZILIM', '2019-01-15 10:01:13', '2019-01-15 10:01:13'),
	(384, 3, 11, 60, 'AHMET HOCAOĞLU-MOSS BİLİŞİM', '2019-01-15 10:01:24', '2019-01-15 10:01:24'),
	(385, 3, 11, 61, 'OPTİSENSE', '2019-01-15 10:01:39', '2019-01-15 10:01:39'),
	(386, 1, 1, 274, 'AHMET YANDIM REZERVE', '2019-01-15 10:56:33', '2019-01-15 10:56:33'),
	(387, 1, 4, 294, 'EFEKTİF ENDÜSTRİYEL', '2019-01-15 11:00:12', '2019-01-15 11:00:12'),
	(388, 2, 9, 37, 'NUTRAL TERAPİ BESİNSEL TEDAVİ ARAŞTIRMA GELİŞTİRME SANAYİ VE TİCARET LİMİTED ŞİRKETİ', '2019-01-15 11:12:34', '2019-01-15 11:12:34'),
	(389, 1, 6, 330, 'ÜNSA MİMARLIK', '2019-01-15 16:03:06', '2019-01-15 16:03:06'),
	(390, 1, 2, 287, 'ERCİYES TEKNOPARK', '2019-01-15 16:13:05', '2019-01-15 16:13:05'),
	(391, 1, 4, 299, 'FORBİL YAZILIM TEKNOLOJİ SANAYİ TİCARET ANONİM ŞİRKETİ', '2019-02-11 09:45:05', '2019-02-11 09:45:05'),
	(392, 2, 9, 35, 'JOKER ARGE YAZILIM DANIŞMANLIK OTOMASYON SANAYİ VE TİCARET LİMİTED ŞİRKETİ', '2019-02-11 09:46:22', '2019-02-11 09:46:22'),
	(393, 3, 11, 54, 'NETCOM BİLİŞİM LİMİTED ŞİRKETİ TEKNOPARK ŞUBESİ', '2019-02-11 09:47:36', '2019-02-11 09:47:36'),
	(394, 4, 18, 147, 'SAHİR YAZILIM MÜHENDİSLİK SANAYİ VE TİCARET LİMİTED ŞİRKETİ', '2019-02-11 09:49:13', '2019-02-11 09:49:13'),
	(395, 4, 20, 164, 'İNFOMETRİ YAZILIM DANIŞMANLIK MÜHENDİSLİK TİCARET LİMİTED ŞİRKETİ', '2019-02-11 09:50:05', '2019-02-11 09:50:05'),
	(396, 5, 21, 198, 'VALENTİS BİYOTEKNOLOJİ VE ARGE ANONİM ŞİRKETİ', '2019-02-11 09:50:56', '2019-02-11 09:50:56'),
	(397, 5, 21, 193, 'BIOFARMA SAĞLIK HİZ.GIDA VE TARIM SAN.TİC.A.Ş', '2019-02-11 09:51:18', '2019-02-11 09:51:18'),
	(398, 3, 13, 79, 'FORA TEKNOLOJİ SANAYİ VE TİCARET LİMİTED ŞİRKETİ KAYSERİ ŞUBESİ', '2019-02-11 13:31:31', '2019-02-11 13:31:31'),
	(399, 3, 13, 362, 'PROLOG YAZILIM TİCARET LİMİTED ŞİRKETİ', '2019-02-11 13:32:09', '2019-02-11 13:32:09'),
	(400, 4, 16, 104, 'YEDİRENK BİLİŞİM TEKNOLOJİK ÜRÜNLER DANIŞMANLIK LİMİTED ŞİRKETİ', '2019-02-11 13:34:54', '2019-02-11 13:34:54'),
	(401, 4, 18, 378, 'FOSENS ELEKTRO OPTİK TEKNOLOJİLER SANAYİ VE TİCARET LİMİTED ŞİRKETİ', '2019-02-11 13:35:33', '2019-02-11 13:35:33'),
	(402, 5, 25, 260, 'MIPS LABORATUVAR ARGE YAZILIM SANAYİ VE TİCARET LİMİTED ŞİRKETİ', '2019-02-11 13:38:29', '2019-02-11 13:38:29'),
	(403, 1, 6, 323, 'BİLETAL İÇ VE DIŞ TİCARET ANONİM ŞİRKETİ TEKNOPARK ŞUBESİ', '2019-02-28 10:45:59', '2019-02-28 10:45:59'),
	(404, 1, 6, 322, 'BİLETAL', '2019-02-28 10:46:22', '2019-02-28 10:46:22'),
	(405, 1, 6, 324, 'BİLETAL', '2019-02-28 10:46:35', '2019-02-28 10:46:35'),
	(406, 3, 12, 71, 'KC ARGE MÜHENDİSLİK YAZILIM YENİLEBİLİR ENERJİ MAKİNE İNŞAAT SANAYİ VE TİCARET LİMİTED ŞİRKETİ', '2019-02-28 10:48:11', '2019-02-28 10:48:11'),
	(407, 5, 25, 264, 'bedelsiz', '2019-02-28 17:13:19', '2019-02-28 17:13:19'),
	(408, 5, 25, 265, 'bedelsiz', '2019-02-28 17:13:30', '2019-02-28 17:13:30'),
	(409, 4, 18, 147, 'SAHİR YAZILIM', '2019-02-28 17:37:32', '2019-02-28 17:37:32'),
	(410, 1, 2, 293, 'HIZIR MEKATRONİK MÜHENDİSLİK ENERJİ SANAYİ VE TİCARET ANONİM ŞİRKETİ', '2019-03-28 10:29:45', '2019-03-28 10:29:45'),
	(411, 1, 4, 298, 'FAZİLET DİDEM ERDOĞAN-MAKER KAYSERİ', '2019-03-28 10:30:29', '2019-03-28 10:30:29'),
	(412, 1, 6, 329, 'EMAR PROJE YAZILIM DANIŞMANLIK VE BİLİŞİM HİZMETLERİ SANAYİ TİCARET LİMİTED ŞİRKETİ', '2019-03-28 10:31:13', '2019-03-28 10:31:13'),
	(413, 1, 6, 328, 'EMAR PROJE YAZILIM DANIŞMANLIK VE BİLİŞİM HİZMETLERİ SANAYİ TİCARET LİMİTED ŞİRKETİ', '2019-03-28 10:31:24', '2019-03-28 10:31:24'),
	(414, 1, 6, 330, 'ÜNSA', '2019-03-28 10:31:48', '2019-03-28 10:31:48'),
	(415, 5, 21, 185, 'MUHAMMED YASİR ESEN-QATASOFT', '2019-03-28 10:37:31', '2019-03-28 10:37:31'),
	(416, 5, 21, 186, 'AKABİYOMED BİYOTEKNOLOJİ MEDİKAL VET. HİZ. TAR. ÜRN. PAZ. DAN.İTH. İHR. SAN. VE TİC. LTD. ŞTİ', '2019-03-28 10:38:00', '2019-03-28 10:38:00'),
	(417, 1, 2, 289, 'DVC GRUP İNOVASYON İÇ VE DIŞ TİCARETİ ARGE TASARIM ÜRETİM MEDİKAL SANAYİ VE TİCARET LİMİTED ŞİRKETİ', '2019-04-08 16:45:51', '2019-04-08 16:45:51'),
	(418, 4, 18, 365, '5S PHARMA', '2019-04-08 16:48:12', '2019-04-08 16:48:12'),
	(419, 4, 18, 367, 'ROBOTEC', '2019-04-08 16:48:55', '2019-04-08 16:48:55'),
	(420, 4, 18, 379, 'YERLİ NANO ENZİM', '2019-04-08 16:49:25', '2019-04-08 16:49:25'),
	(421, 4, 18, 377, 'OPSENTİA ARGE', '2019-04-08 16:49:54', '2019-04-08 16:49:54'),
	(422, 4, 18, 374, 'ALICE BEYAZ TAVŞAN', '2019-04-08 16:50:16', '2019-04-08 16:50:16'),
	(423, 4, 18, 141, 'MUSTAFA TÜRKMEN', '2019-04-08 16:50:46', '2019-04-08 16:50:46'),
	(424, 5, 21, 174, 'ÖMER FARUK ÖZDEMİR REZ.', '2019-04-08 16:51:53', '2019-04-08 16:51:53'),
	(425, 5, 22, 216, 'BAHRİ BABA MASİF PREFABRİK İNŞAAT SANAYİ LİMİTED ŞİRKETİ', '2019-04-08 16:52:37', '2019-04-08 16:52:37'),
	(426, 5, 22, 199, 'galip uncular rez.', '2019-04-08 16:52:53', '2019-04-08 16:52:53'),
	(427, 4, 16, 102, 'SİSTEM VETERİNER TARIMSAL İLAÇLAR HAYVANCILIK LABORATUAR HİZMETLERİ PAZARLAMA MEDİKAL GIDA EMLAK SANAYİ VE TİCARET LİMİTED ŞİRKETİ', '2019-05-16 15:44:10', '2019-05-16 15:44:10'),
	(428, 5, 23, 228, 'ERSER DESTEK VE LOJİSTİK HİZMETLERİ TİCARET ANONİM ŞİRKETİ', '2019-05-16 15:55:21', '2019-05-16 15:55:21'),
	(429, 1, 2, 288, 'HARE TEKNOLOJİ DIŞ TİCARET LİMİTED ŞİRKETİ', '2019-06-25 11:04:15', '2019-06-25 11:04:15'),
	(430, 4, 18, 144, 'GÜLŞAH BAYRAM-OCEANNET', '2019-06-25 11:10:25', '2019-06-25 11:10:25'),
	(431, 5, 22, 199, 'CGU TEKNOLOJİ', '2019-06-25 11:12:03', '2019-06-25 11:12:03'),
	(432, 5, 24, 248, 'FRATELLİ DANIŞMANLIK ANONİM ŞİRKETİ KAYSERİ ŞUBESİ', '2019-06-25 11:13:24', '2019-06-25 11:13:24'),
	(433, 5, 24, 249, 'İNDİS YAZILIM', '2019-06-25 11:13:39', '2019-06-25 11:13:39'),
	(434, 5, 24, 252, 'SMART REZERVE', '2019-06-25 11:13:56', '2019-06-25 11:13:56'),
	(435, 1, 1, 269, 'sezyum rezerve', '2019-07-09 17:52:59', '2019-07-09 17:52:59'),
	(436, 1, 2, 291, 'adres rezerve', '2019-07-09 17:53:19', '2019-07-09 17:53:19'),
	(437, 1, 8, 339, 'nuh hattat rezerve', '2019-07-09 17:53:54', '2019-07-09 17:53:54'),
	(438, 5, 22, 201, 'metre rezerve', '2019-07-10 14:33:52', '2019-07-10 14:33:52'),
	(439, 5, 25, 261, 'ansatek', '2019-07-10 14:35:09', '2019-07-10 14:35:09'),
	(440, 5, 25, 263, 'klonbiyotek', '2019-07-10 14:35:31', '2019-07-10 14:35:31'),
	(441, 5, 25, 258, 'fatih tahtasakal', '2019-07-10 14:35:56', '2019-07-10 14:35:56'),
	(442, 5, 25, 257, 'doğancan tüfekçioğlu', '2019-07-10 14:36:11', '2019-07-10 14:36:11'),
	(443, 1, 2, 291, 'serdar genç rezerve', '2019-07-26 16:33:18', '2019-07-26 16:33:18'),
	(444, 4, 16, 113, 'SOLİDELEKTRON KONTROL', '2019-07-26 16:35:04', '2019-07-26 16:35:04'),
	(445, 4, 16, 125, 'YST YAPI ARGE', '2019-07-26 16:35:44', '2019-07-26 16:35:44'),
	(446, 4, 18, 149, 'KION REZERVE', '2019-07-26 16:36:23', '2019-07-26 16:36:23'),
	(447, 4, 19, 153, 'HARUN ÜNAL PMA', '2019-07-26 16:37:01', '2019-07-26 16:37:01'),
	(448, 4, 20, 168, 'EFFE YATIRIM TAAH.ENER.İNŞ.SAN.VE TİC.LTD.ŞTİ.TEKNOPARK ŞB.', '2019-07-26 16:37:35', '2019-07-26 16:37:35'),
	(449, 5, 21, 189, 'TRANSOLT ARGE', '2019-07-26 16:38:17', '2019-07-26 16:38:17'),
	(450, 1, 1, 271, 'ANADOLU İNOV.ENER.ELK.ÜRT.MÜH.DAN.İNŞ.SAN.VE TİC.LTD.ŞTİ.', '2019-08-21 13:16:39', '2019-08-21 13:16:39'),
	(451, 1, 1, 271, 'ANADOLU İNOVASYON', '2019-08-21 13:17:16', '2019-08-21 13:17:16'),
	(452, 1, 2, 291, 'MSG TEKNOLOJİ LİMİTED ŞİRKETİ', '2019-08-21 13:17:48', '2019-08-21 13:17:48'),
	(453, 1, 6, 326, 'İBRAHİM TOK - PROJE HESAP PROJECİLİK HİZMETLERİ', '2019-08-21 13:18:50', '2019-08-21 13:18:50'),
	(454, 1, 6, 326, 'İBRAHİM', '2019-08-21 13:19:09', '2019-08-21 13:19:09'),
	(455, 1, 6, 326, 'TOK', '2019-08-21 13:19:18', '2019-08-21 13:19:18'),
	(456, 5, 22, 201, 'METRE TEKNOLOJİ LİMİTED ŞİRKETİ', '2019-08-21 13:22:42', '2019-08-21 13:22:42'),
	(457, 1, 1, 274, 'AHMET YANDIM-NÖTRON TASARIM', '2019-10-02 15:49:16', '2019-10-02 15:49:16'),
	(458, 1, 6, 330, 'ÜN', '2019-10-02 15:51:26', '2019-10-02 15:51:26'),
	(459, 4, 16, 105, 'MIPS LABORATUVAR', '2019-10-02 15:54:53', '2019-10-02 15:54:53'),
	(460, 4, 19, 158, 'MEVADA OTOMASYON', '2019-10-02 15:57:00', '2019-10-02 15:57:00'),
	(461, 4, 18, 366, 'ŞATANA', '2019-10-02 15:58:38', '2019-10-02 15:58:38'),
	(462, 4, 18, 372, 'MARS', '2019-10-02 16:03:35', '2019-10-02 16:03:35'),
	(463, 4, 18, 370, 'CREEADEEP', '2019-10-02 16:03:59', '2019-10-02 16:03:59'),
	(464, 5, 21, 183, 'BATRON AŞ.', '2019-10-02 16:05:14', '2019-10-02 16:05:14'),
	(465, 1, 4, 306, 'DEKATEK İNTERNET HİZMETLERİ REKLAMCILIK PAZARLAMA BİLGİSAYAR BİLİŞİM TİCARET VE SANAYİ LİMİTED ŞİRKETİ', '2019-11-15 08:49:20', '2019-11-15 08:49:20'),
	(466, 1, 4, 303, 'ARTIBİR ARAŞTIRMA GELİŞTİRME MÜHENDİSLİK YAZILIM SANAYİ VE TİCARET LİMİTED ŞİRKETİ', '2019-11-15 08:49:53', '2019-11-15 08:49:53'),
	(467, 1, 8, 339, 'SELEDİYE HATTAT', '2019-11-15 08:52:20', '2019-11-15 08:52:20'),
	(468, 2, 9, 38, 'SUFFATECH ARGE YAZILIM VE BİLİŞİM TEKNOLOJİLERİ SANAYİ VE TİCARET LİMİTED ŞİRKETİ', '2019-11-15 08:53:08', '2019-11-15 08:53:08'),
	(469, 2, 10, 350, 'CHEMICAMED KİMYA ANONİM ŞİRKETİ', '2019-11-15 08:53:40', '2019-11-15 08:53:40'),
	(470, 2, 10, 352, 'CHEMICAMED KİMYA ANONİM ŞİRKETİ', '2019-11-15 08:53:47', '2019-11-15 08:53:47'),
	(471, 2, 9, 36, 'kültepe rezerve', '2019-11-15 08:54:12', '2019-11-15 08:54:12'),
	(472, 4, 16, 130, 'KLONBİYOTEK BİYOTEKNOLOJİ ANONİM ŞİRKETİ', '2019-11-15 08:55:56', '2019-11-15 08:55:56'),
	(473, 4, 18, 145, 'SELAMİ TOPRAK-GND OTOMASYON', '2019-11-15 08:57:20', '2019-11-15 08:57:20'),
	(474, 5, 21, 192, 'TEDİ ARGE YAZILIM MÜHENDİSLİK EĞİTİM TİC. VE SAN.LTD.ŞTİ.', '2019-11-15 08:58:22', '2019-11-15 08:58:22'),
	(475, 5, 21, 191, 'RİİZ MAKİNA', '2019-11-27 11:07:38', '2019-11-27 11:07:38'),
	(476, 1, 8, 342, 'FATİH YALÇIN REZERVE', '2020-01-09 14:31:29', '2020-01-09 14:31:29'),
	(477, 3, 12, 71, 'ENVEST REZ.', '2020-01-09 14:32:22', '2020-01-09 14:32:22'),
	(478, 3, 15, 95, 'NİLVERA YAZILIM', '2020-01-09 14:33:08', '2020-01-09 14:33:08'),
	(479, 4, 16, 106, 'ZANKA MÜHENDİSLİK', '2020-01-09 14:33:43', '2020-01-09 14:33:43'),
	(480, 2, 9, 36, 'KÜLTEPE GİRİŞİM ARGE VE DANIŞMANLIK FİNANSAL HİZMETLER ANONİM ŞİRKETİ', '2020-02-10 15:53:12', '2020-02-10 15:53:12'),
	(481, 2, 10, 359, 'SUİT YAZILIM SANAYİ VE TİCARET LİMİTED ŞİRKETİ', '2020-02-10 15:54:03', '2020-02-10 15:54:03'),
	(482, 3, 11, 54, 'NETUP YAZILIM LİMİTED ŞİRKETİ', '2020-02-10 15:55:08', '2020-02-10 15:55:08'),
	(483, 3, 12, 71, 'ENVEST ENERJİ VE SU TEK.SAN.TİC.LTD.ŞTİ.TEKNOPARK ŞUBESİ', '2020-02-10 15:55:45', '2020-02-10 15:55:45'),
	(484, 3, 15, 96, 'MENDA REZERVE', '2020-02-10 15:56:19', '2020-02-10 15:56:19'),
	(485, 4, 18, 375, 'EUROGEN GENETİK TEKNOLOJİLERİ LİMİTED ŞİRKETİ', '2020-02-10 15:57:17', '2020-02-10 15:57:17'),
	(486, 4, 18, 376, 'ENBİOSİS BİYOTEKNOLOJİ ANONİM ŞİRKETİ ERCİYES TEKNOPARK ŞUBESİ', '2020-02-10 15:58:28', '2020-02-10 15:58:28'),
	(487, 4, 18, 373, 'PROMOSEED BİYOTEKNOLOJİ ANONİM ŞİRKETİ', '2020-02-10 15:58:50', '2020-02-10 15:58:50'),
	(488, 4, 18, 367, 'TEKNOMORF EĞİTİM İNOVASYON SANAYİ VE TİCARET LİMİTED ŞİRKETİ', '2020-02-10 15:59:12', '2020-02-10 15:59:12'),
	(489, 4, 18, 366, 'ŞATANA TEKNOLOJİ SİSTEMLERİ LİMİTED ŞİRKETİ', '2020-02-10 15:59:38', '2020-02-10 15:59:38'),
	(490, 4, 19, 154, 'ALFA TEL.İNİ.TAAH.BİL.YAZ.ARGE SAN.VE TİC.LTD.ŞTİ.KAY.ŞB.', '2020-02-10 16:00:41', '2020-02-10 16:00:41'),
	(491, 4, 19, 156, 'STK REZERVE', '2020-02-10 16:01:01', '2020-02-10 16:01:01'),
	(492, 4, 19, 156, 'STK', '2020-02-10 16:01:12', '2020-02-10 16:01:12'),
	(493, 4, 19, 363, 'LEAN YAZILIM', '2020-02-10 16:01:48', '2020-02-10 16:01:48'),
	(494, 4, 20, 168, 'LODOS YATIRIM ENERJİ İNŞAAT TAAHHÜT ANONİM ŞİRKETİ', '2020-02-10 16:02:45', '2020-02-10 16:02:45'),
	(495, 3, 11, 67, 'NETSİM BİLGİSAYAR', '2020-03-05 08:57:09', '2020-03-05 08:57:09'),
	(496, 1, 1, 266, 'ZİYA KILIÇ', '2020-03-05 08:59:24', '2020-03-05 08:59:24'),
	(497, 1, 1, 269, 'NURHAN HASEKEN', '2020-03-05 09:00:56', '2020-03-05 09:00:56'),
	(498, 1, 5, 311, 'OPSENTİA', '2020-03-05 09:03:20', '2020-03-05 09:03:20'),
	(499, 3, 12, 74, 'NETSİM BİLGİSAYAR', '2020-03-05 09:06:01', '2020-03-05 09:06:01'),
	(500, 3, 13, 84, 'NETSİM BİLGİSAYAR', '2020-03-05 09:06:42', '2020-03-05 09:06:42'),
	(501, 4, 19, 156, 'STK', '2020-03-05 09:09:07', '2020-03-05 09:09:07'),
	(502, 4, 19, 155, 'STK', '2020-03-05 09:09:29', '2020-03-05 09:09:29'),
	(503, 5, 21, 184, 'KODTIME', '2020-03-05 09:10:39', '2020-03-05 09:10:39'),
	(504, 5, 22, 217, 'BİOPEP', '2020-03-05 09:11:06', '2020-03-05 09:11:06'),
	(505, 5, 22, 200, 'EKOMERA', '2020-03-05 09:11:20', '2020-03-05 09:11:20'),
	(506, 5, 24, 251, 'İMZA OTOM.', '2020-03-05 09:12:13', '2020-03-05 09:12:13'),
	(507, 5, 21, 182, 'BİLAZIM', '2020-03-11 09:03:58', '2020-03-11 09:03:58'),
	(508, 4, 16, 121, 'NURHAN HASEKEN', '2020-03-11 09:04:54', '2020-03-11 09:04:54'),
	(509, 3, 11, 60, 'NURHAN HASEKEN', '2020-03-11 09:08:10', '2020-03-11 09:08:10'),
	(510, 1, 1, 267, 'TEKNOCC ARGE İNOVASYON LİMİTED ŞİRKETİ', '2020-07-24 10:49:54', '2020-07-24 10:49:54'),
	(511, 1, 5, 320, 'ENEMO BİLİŞİM TEKNOLOJİLERİ EĞİTİM DANIŞMANLIK İHRACAT İTHALAT TİCARET LİMİTED ŞİRKETİ', '2020-07-24 10:50:47', '2020-07-24 10:50:47'),
	(512, 1, 5, 308, 'DERVİŞ REZERVE', '2020-07-24 10:51:00', '2020-07-24 10:51:00'),
	(513, 3, 11, 63, 'TURKUVAZSOFT SEO HİZMETLERİ VE YAZILIM LİMİTED ŞİRKETİ', '2020-07-24 10:52:08', '2020-07-24 10:52:08'),
	(514, 3, 11, 57, 'NUTRAL TERAPİ BESİNSEL TEDAVİ ARAŞTIRMA GELİŞTİRME SANAYİ VE TİCARET LİMİTED ŞİRKETİ', '2020-07-24 10:52:36', '2020-07-24 10:52:36'),
	(515, 4, 16, 121, 'USTURLAB MÜH.TEKNOLOJİ AR-GE SAN.VE TİC.LTD.ŞTİ.', '2020-07-24 10:53:16', '2020-07-24 10:53:16'),
	(516, 4, 16, 115, 'SOLİDELECTRON KONTROL TEKNOLOJİLERİ SANAYİ VE TİCARET A.Ş.', '2020-07-24 10:54:18', '2020-07-24 10:54:18'),
	(517, 4, 18, 366, 'ŞATANA', '2020-07-24 11:09:05', '2020-07-24 11:09:05'),
	(518, 4, 18, 369, 'TURCOSA', '2020-07-24 11:09:30', '2020-07-24 11:09:30'),
	(519, 4, 18, 371, 'LİFOSBİO TARIM', '2020-07-24 11:10:10', '2020-07-24 11:10:10'),
	(520, 4, 18, 151, 'DETAGEN GENETİK TANI ARAŞ.VE UYG.MER.A.Ş.', '2020-07-24 11:11:04', '2020-07-24 11:11:04'),
	(521, 4, 18, 150, 'DETAGEN GENETİK TANI ARAŞ.VE UYG.MER.A.Ş.', '2020-07-24 11:11:11', '2020-07-24 11:11:11'),
	(522, 4, 18, 149, 'ARGEA TEKNOLOJİ', '2020-07-24 11:11:23', '2020-07-24 11:11:23'),
	(523, 4, 20, 163, 'SARNET BİLGİ TEKNOLOJİLERİ', '2020-07-24 11:12:17', '2020-07-24 11:12:17'),
	(524, 5, 21, 173, 'SİMURG TEKNOLOJİ A.Ş.', '2020-07-24 11:12:49', '2020-07-24 11:12:49'),
	(525, 5, 24, 252, 'LÜTFİYE SÜMEYRA DEVETAŞI', '2020-07-24 11:13:44', '2020-07-24 11:13:44'),
	(526, 5, 24, 252, 'SUİT YAZILIM SANAYİ VE TİCARET LİMİTED ŞİRKETİ', '2020-07-24 11:14:33', '2020-07-24 11:14:33'),
	(527, 5, 24, 253, 'LÜTFİYE SÜMEYRA', '2020-07-24 11:14:49', '2020-07-24 11:14:49'),
	(528, 5, 24, 254, 'ASERSAN GÜÇ', '2020-07-24 11:15:05', '2020-07-24 11:15:05'),
	(529, 5, 24, 246, 'SAVOTEK TEKNOLOJİ', '2020-07-24 11:15:23', '2020-07-24 11:15:23'),
	(530, 1, 8, 339, 'erhan çemrek', '2020-07-30 11:22:24', '2020-07-30 11:22:24'),
	(531, 1, 8, 343, 'selediye hattat', '2020-07-30 11:23:25', '2020-07-30 11:23:25'),
	(532, 1, 8, 338, 'alıce beyaz tavşan', '2020-07-30 11:23:55', '2020-07-30 11:23:55'),
	(533, 3, 11, 60, 'ITOUCH ERİŞİLEBİLİR EĞİTİM', '2020-08-18 13:39:42', '2020-08-18 13:39:42'),
	(534, 4, 20, 165, 'BAYRAM ALTINIŞIK', '2020-08-18 13:49:58', '2020-08-18 13:49:58'),
	(535, 4, 20, 166, 'BAYRAM ALTINIŞIK', '2020-08-18 13:50:11', '2020-08-18 13:50:11'),
	(536, 4, 19, 154, 'KARACA REZERVE', '2020-08-18 13:50:48', '2020-08-18 13:50:48'),
	(537, 5, 23, 233, 'SAHİR YAZILIM', '2020-08-18 13:51:44', '2020-08-18 13:51:44'),
	(538, 5, 23, 237, 'TURKUVAZ İNOVASYON SİSTEM ÇÖZÜMLERİ ENDÜSTRİYEL OTOMASYON YAZILIM MÜHENDİSLİK DANIŞMANLIK SANAYİ VE TİCARET ANONİM ŞİRKETİ', '2020-08-18 13:52:12', '2020-08-18 13:52:12'),
	(539, 5, 23, 236, 'EKOMERA', '2020-08-18 13:52:23', '2020-08-18 13:52:23'),
	(540, 5, 23, 229, 'BLUE OCEAN', '2020-08-18 13:52:57', '2020-08-18 13:52:57'),
	(541, 5, 23, 225, 'BİES GLOBAL', '2020-08-18 13:53:15', '2020-08-18 13:53:15'),
	(542, 1, 6, 326, 'İBRAHİM TOK', '2020-08-18 15:33:32', '2020-08-18 15:33:32'),
	(543, 2, 10, 355, 'MEDİTEK ARGE', '2020-08-18 15:42:01', '2020-08-18 15:42:01'),
	(544, 4, 17, 140, 'KLONBİYOTEK', '2020-08-18 15:51:48', '2020-08-18 15:51:48'),
	(545, 1, 1, 269, 'NEZAHAT CINGI', '2020-11-13 08:34:19', '2020-11-13 08:34:19'),
	(546, 1, 4, 299, 'RIDVAN ÖZCAN', '2020-11-13 08:35:12', '2020-11-13 08:35:12'),
	(547, 1, 6, 331, 'DYM KOMPOZİT', '2020-11-13 08:35:38', '2020-11-13 08:35:38'),
	(548, 1, 8, 342, 'A POİNT', '2020-11-13 08:36:08', '2020-11-13 08:36:08'),
	(549, 1, 5, 308, 'ARIGEN', '2020-11-13 08:38:43', '2020-11-13 08:38:43'),
	(550, 2, 10, 346, 'MEDİTEK ARGE', '2020-11-13 08:47:26', '2020-11-13 08:47:26'),
	(551, 3, 11, 65, 'KC TEK', '2020-11-13 08:48:06', '2020-11-13 08:48:06'),
	(552, 3, 12, 75, 'KC TEK', '2020-11-13 08:48:25', '2020-11-13 08:48:25'),
	(553, 3, 13, 85, 'KC TEK', '2020-11-13 08:48:48', '2020-11-13 08:48:48'),
	(554, 3, 15, 96, 'MENDA MEDİKAL', '2020-11-13 08:49:15', '2020-11-13 08:49:15'),
	(555, 4, 16, 103, 'TECHFIRE', '2020-11-13 08:51:28', '2020-11-13 08:51:28'),
	(556, 4, 18, 374, 'GEN BİLİM', '2020-11-13 08:57:16', '2020-11-13 08:57:16'),
	(557, 4, 18, 377, 'CUSTİMES', '2020-11-13 08:57:35', '2020-11-13 08:57:35'),
	(558, 4, 18, 370, 'APRON BİOTEKNOLOJİ', '2020-11-13 08:58:05', '2020-11-13 08:58:05'),
	(559, 4, 18, 368, 'BATARYASAN', '2020-11-13 08:58:22', '2020-11-13 08:58:22'),
	(560, 4, 19, 154, 'MARS BİLGİ TEK.', '2020-11-13 08:59:09', '2020-11-13 08:59:09'),
	(561, 5, 21, 180, 'DİGİTAFAB', '2020-11-13 09:00:00', '2020-11-13 09:00:00'),
	(562, 5, 21, 174, 'TEKNOMORF', '2020-11-13 09:00:19', '2020-11-13 09:00:19'),
	(563, 5, 21, 194, 'DENSEY TEKNOLOJİ', '2020-11-13 09:00:57', '2020-11-13 09:00:57'),
	(564, 5, 21, 191, 'TAYFUN YEŞİLYURT', '2020-11-13 09:01:15', '2020-11-13 09:01:15'),
	(565, 5, 21, 189, 'REŞAT YILDIZ', '2020-11-13 09:01:30', '2020-11-13 09:01:30'),
	(566, 5, 22, 215, 'İNTERSİS', '2020-11-13 09:02:58', '2020-11-13 09:02:58'),
	(567, 5, 22, 211, 'ENBİOSİS', '2020-11-13 09:03:13', '2020-11-13 09:03:13'),
	(568, 5, 23, 226, 'MİNİYOL', '2020-11-13 09:03:46', '2020-11-13 09:03:46'),
	(569, 1, 2, 288, 'ZİRVE BİLİŞİM', '2021-01-18 09:33:30', '2021-01-18 09:33:30'),
	(570, 1, 2, 293, 'UMUT BAYIR', '2021-01-18 09:34:01', '2021-01-18 09:34:01'),
	(571, 1, 4, 302, 'ADMATİC', '2021-01-18 09:34:20', '2021-01-18 09:34:20'),
	(572, 1, 5, 311, 'DATAÇARŞI', '2021-01-18 09:34:58', '2021-01-18 09:34:58'),
	(573, 3, 11, 64, 'AİDATIM YAZILIM', '2021-01-18 09:37:46', '2021-01-18 09:37:46'),
	(574, 3, 15, 93, 'MUDU ARGE YAZILIM', '2021-01-18 09:38:50', '2021-01-18 09:38:50'),
	(575, 3, 11, 62, 'FOSENS REZERVE', '2021-01-18 09:39:14', '2021-01-18 09:39:14'),
	(576, 4, 17, 138, 'BİLİŞİM BİLGİSAYAR', '2021-01-18 09:40:19', '2021-01-18 09:40:19'),
	(577, 4, 20, 169, 'ABC TEKNOLOJİ', '2021-01-18 09:41:01', '2021-01-18 09:41:01'),
	(578, 1, 4, 307, 'SEFEROĞLU ELEKTRİK SANAYİ VE TİCARET ANONİM ŞİRKETİ', '2021-02-03 14:48:04', '2021-02-03 14:48:04'),
	(579, 1, 4, 302, 'ADTARGET TEKNOLOJİ ANONİM ŞİRKETİ', '2021-02-03 14:48:40', '2021-02-03 14:48:40'),
	(580, 4, 16, 117, 'MESUT BULUT-ELA TEKNOLOJİ', '2021-02-03 15:08:05', '2021-02-03 15:08:05'),
	(581, 4, 20, 164, 'BAYRAM ALTINIŞIK', '2021-02-03 15:09:27', '2021-02-03 15:09:27'),
	(582, 5, 23, 235, 'İVMNET', '2021-02-04 15:59:06', '2021-02-04 15:59:06'),
	(583, 5, 23, 235, 'İVMENET', '2021-02-04 15:59:19', '2021-02-04 15:59:19'),
	(584, 1, 4, 303, 'gülsan rezerve', '2021-02-11 10:13:36', '2021-02-11 10:13:36'),
	(585, 2, 10, 352, 'ÇINAR LABORATUVAR HİZMETLERİ MEDİKAL GIDA ARAÇ KİRALAMA İNŞAAT SANAYİ VE TİCARET LİMİTED ŞİRKETİ ERCİYES TEKNOPARK ŞUBESİ', '2021-02-12 08:51:37', '2021-02-12 08:51:37'),
	(586, 2, 10, 352, 'ÇINAR', '2021-02-12 08:51:57', '2021-02-12 08:51:57'),
	(587, 2, 10, 348, 'KEKLİKOĞLU REZERVE', '2021-02-12 08:52:13', '2021-02-12 08:52:13'),
	(588, 4, 16, 99, 'YERLİ NANO', '2021-02-18 16:52:11', '2021-02-18 16:52:11'),
	(589, 4, 19, 152, 'SAFE HARBOR', '2021-02-25 09:15:05', '2021-02-25 09:15:05'),
	(590, 5, 22, 214, 'GARAJ365', '2021-02-25 09:15:45', '2021-02-25 09:15:45'),
	(591, 1, 5, 320, 'CGU TEKNOLOJİ LİMİTED ŞİRKETİ', '2021-03-01 16:08:37', '2021-03-01 16:08:37'),
	(592, 5, 24, 250, 'AYŞE DAĞ-TANE YAZILIM', '2021-03-01 16:09:28', '2021-03-01 16:09:28'),
	(593, 4, 19, 153, 'SAFE HARBOR', '2021-03-02 14:08:14', '2021-03-02 14:08:14'),
	(594, 4, 17, 135, 'PERGA YAZILIM', '2021-03-04 16:16:33', '2021-03-04 16:16:33'),
	(595, 2, 10, 348, 'MUSTAFA KEKLİKOĞLU-SİMAN BİLİŞİM TEKNOLOJİLERİ', '2021-03-18 09:57:02', '2021-03-18 09:57:02'),
	(596, 5, 22, 202, 'ANADOLU ROBOTİK SANAYİ VE TİCARET LİMİTED ŞİRKETİ', '2021-03-18 10:00:06', '2021-03-18 10:00:06'),
	(597, 5, 22, 203, 'HÜLYA KAPISIZ-ANDOR', '2021-03-29 10:58:47', '2021-03-29 10:58:47'),
	(598, 4, 18, 142, 'SAHİR YAZILIM', '2021-03-29 11:00:22', '2021-03-29 11:00:22'),
	(599, 4, 16, 100, 'BİBASOFT', '2021-03-29 11:00:48', '2021-03-29 11:00:48'),
	(600, 3, 11, 62, 'FOSENS', '2021-03-30 15:50:17', '2021-03-30 15:50:17'),
	(601, 4, 16, 101, 'LEVENT YAVUZ REZERVE', '2021-03-30 15:51:00', '2021-03-30 15:51:00'),
	(602, 5, 22, 208, 'AHMET BEY REZERVE', '2021-03-31 15:32:32', '2021-03-31 15:32:32'),
	(603, 5, 22, 199, 'SERHAT BEY REZERVE', '2021-03-31 15:35:20', '2021-03-31 15:35:20'),
	(604, 5, 22, 209, 'NURHAN', '2021-03-31 15:35:37', '2021-03-31 15:35:37'),
	(605, 5, 22, 207, 'ENBİOSİS', '2021-04-05 14:17:05', '2021-04-05 14:17:05'),
	(606, 1, 6, 330, 'SüleymanPolat Rezerve', '2021-05-05 15:31:28', '2021-05-05 15:31:28'),
	(607, 1, 6, 330, 'SüleymanPolat Rezerve', '2021-05-05 15:31:41', '2021-05-05 15:31:41'),
	(608, 1, 6, 327, 'Apron Biyoteknoloji Rezerve', '2021-05-05 15:32:04', '2021-05-05 15:32:04'),
	(609, 1, 6, 330, 'SüleymanPolat Rezerve', '2021-05-05 15:32:19', '2021-05-05 15:32:19'),
	(610, 1, 6, 327, 'Apron Biyoteknoloji Rezerve', '2021-05-05 15:32:27', '2021-05-05 15:32:27'),
	(611, 3, 12, 72, 'TİTRA REZERVE', '2021-05-05 16:15:28', '2021-05-05 16:15:28');
/*!40000 ALTER TABLE `wp_stnc_map_binalar_eski` ENABLE KEYS */;






INSERT INTO `wp_stnc_map_building` (`id`, `name`, `global_capacity`, `total_office`, `created_at`, `updated_at`) VALUES
(1, 'TEKNO-1', 0, 0, NULL, NULL),
(2, 'TEKNO-2', 0, 0, NULL, NULL),
(3, 'TEKNO-3', 0, 0, NULL, NULL),
(4, 'TEKNO-4', 0, 0, NULL, NULL),
(5, 'TEKNO-5', 0, 0, NULL, NULL);

--
-- Dumping data for table `wp_stnc_map_floors`
--

INSERT INTO `wp_stnc_map_floors` (`id`, `name`, `building_id`, `type`, `full_office`, `empty_office`, `full_area`, `empty_area`, `total_area`, `scheme`, `scheme_media_id`, `created_at`, `updated_at`, `class`) VALUES
(1, 'BODRUM KAT', 1, 0, 0, 0, '0.00', '0.00', '0.00', 't1-bodrum.jpg', NULL, NULL, '2018-10-23 06:15:13', '1'),
(2, 'ZEMİN KAT', 1, 0, 0, 0, '0.00', '0.00', '0.00', 't1-zemin.jpg', NULL, NULL, '2018-10-23 06:31:41', '2'),
(4, '1.KAT', 1, 0, 0, 0, '0.00', '0.00', '0.00', 't1-k1.jpg', NULL, NULL, '2018-10-23 06:39:47', '3'),
(5, '2.KAT', 1, 0, 0, 0, '0.00', '0.00', '0.00', 't1-k2.jpg', NULL, NULL, '2018-10-23 06:48:10', '4'),
(6, '3.KAT', 1, 0, 0, 0, '0.00', '0.00', '0.00', 't1-k3.jpg', NULL, NULL, '2018-10-23 07:06:33', '5'),
(8, '4.KAT', 1, 0, 0, 0, '0.00', '0.00', '0.00', 't1-k4.jpg', NULL, NULL, '2018-10-23 07:28:12', '6'),
(9, 'ZEMİN KAT', 2, 0, 0, 0, '0.00', '0.00', '0.00', 't2-zemin.jpg', NULL, NULL, '2018-10-23 07:46:35', '2'),
(10, '1.KAT', 2, 0, 0, 0, '0.00', '0.00', '0.00', 't2-k1.jpg', NULL, NULL, '2018-08-30 06:52:13', '3'),
(11, 'BODRUM KAT', 3, 0, 0, 0, '0.00', '0.00', '0.00', 't3-bodrum.jpg', NULL, NULL, '2018-10-23 08:00:02', '1'),
(12, 'ZEMİN KAT', 3, 0, 0, 0, '0.00', '0.00', '0.00', 't3-zemin.jpg', NULL, NULL, '2018-08-30 07:12:22', '2'),
(13, '1.KAT', 3, 0, 0, 0, '0.00', '0.00', '0.00', 't3-k1.jpg', NULL, NULL, '2018-10-23 08:35:07', '3'),
(14, '2.KAT', 3, 0, 0, 0, '0.00', '0.00', '0.00', 't3-k2.jpg', NULL, NULL, '2018-08-30 07:26:52', '4'),
(15, '3.KAT', 3, 0, 0, 0, '0.00', '0.00', '0.00', 't3-kat3.jpg', NULL, NULL, '2018-08-30 07:33:36', '5'),
(16, 'BODRUM KAT', 4, 0, 0, 0, '0.00', '0.00', '0.00', 't4-bodrum.jpg', NULL, NULL, '2018-08-30 07:39:23', '1'),
(17, 'ZEMİN KAT', 4, 0, 0, 0, '0.00', '0.00', '0.00', 't4-zemin.jpg', NULL, NULL, '2018-10-23 08:06:27', '2'),
(18, '1.KAT', 4, 0, 0, 0, '0.00', '0.00', '0.00', 't4-kat1.jpg', NULL, NULL, '2018-10-23 08:18:50', '3'),
(19, '2.KAT', 4, 0, 0, 0, '0.00', '0.00', '0.00', 't4-k2.jpg', NULL, NULL, '2018-10-23 08:04:16', '4'),
(20, '3.KAT', 4, 0, 0, 0, '0.00', '0.00', '0.00', 't4-ka3.jpg', NULL, NULL, '2018-08-30 08:48:50', '5'),
(21, 'BODRUM KAT', 5, 0, 0, 0, '0.00', '0.00', '0.00', 't5-bodrum.jpg', NULL, NULL, '2018-10-23 08:37:10', '1'),
(22, 'ZEMIN KAT', 5, 0, 0, 0, '0.00', '0.00', '0.00', 't5-zemin.jpg', NULL, NULL, '2018-08-30 09:40:07', '2'),
(23, '1.KAT', 5, 0, 0, 0, '0.00', '0.00', '0.00', 't5-k1.jpg', NULL, NULL, '2018-08-30 09:54:01', '3'),
(24, '2.KAT', 5, 0, 0, 0, '0.00', '0.00', '0.00', 't5-k2.jpg', NULL, NULL, '2018-08-30 18:01:45', '4'),
(25, '3.KAT', 5, 0, 0, 0, '0.00', '0.00', '0.00', 't5-k3.jpg', NULL, NULL, '2018-08-30 18:12:43', '5');

--
-- Dumping data for table `wp_stnc_map_floors_locations`
--

INSERT INTO `wp_stnc_map_floors_locations` (`id`, `building_id`, `floor_id`, `door_number`, `company_name`, `square_meters`, `email`, `phone`, `mobile_phone`, `web_site`, `map_location`, `company_description`, `address`, `media_id`, `add_date`) VALUES
(43, 1, 5, 47, 'İNOSİS YAZILIM BİLGİSAYAR', '56.32', 'info@inosisyazilim.com', '(+90) 352 224 68 86', '(+90) 352 224 68 86', 'http://www.inosis.com.tr', '{\\\"left\\\":338,\\\"top\\\":200.59375,\\\"width\\\":227.71665954589844,\\\"height\\\":30,\\\"x\\\":338,\\\"y\\\":200.59375,\\\"right\\\":565.7166595458984,\\\"bottom\\\":230.59375}', 'İNOSİS YAZILIM BİLGİSAYAR VE BİLİŞİM TEKNOLOJİLERİ SAN. TİC. LTD. ŞTİ.', 'Erciyes Üniversitesi Teknopark 1.Bina Kat:2 No:47 Melikgazi /KAYSERİ', 8943, '2022-03-25 03:33:55'),
(42, 1, 5, 40, 'DATAÇARŞI', '27.70', 'bilgi@datacarsi.com', '0352 606 02 63', '(538) 897-74-09', 'https://datacarsi.com/', '{\\\"left\\\":844,\\\"top\\\":638.59375,\\\"width\\\":100.921875,\\\"height\\\":30,\\\"x\\\":844,\\\"y\\\":638.59375,\\\"right\\\":944.921875,\\\"bottom\\\":668.59375}', 'DATAÇARŞI YAZILIM PROJE VE DANIŞMANLIK LİMİTED ŞİRKETİ', 'Erciyes üniversitesi teknoloji geliştirme bölgesi tekno:1 binası kat:2 no:40 Melikgazi/Kayseri', 9723, '2022-03-25 03:34:07'),
(5, 1, 2, 11, 'ABİS TEKNOLOJİ', '52.45', 'info@abisteknoloji.com.tr', '+90 (352) 380 00 11', '+90 (352) 380 00 10', 'https://www.abisteknoloji.com.tr/', '{\\\"left\\\":824,\\\"top\\\":295.60003662109375,\\\"width\\\":138.96875,\\\"height\\\":30,\\\"x\\\":824,\\\"y\\\":295.60003662109375,\\\"right\\\":962.96875,\\\"bottom\\\":325.60003662109375}', 'ABİS TEKNOLOJİ LTD.ŞTİ.', 'Erciyes Üniversitesi Teknoloji Geliştirme Bölgesi Tekno-1 Binası Giriş Kat No:11, KAYSERİ', 1, '2022-03-23 02:56:36'),
(41, 1, 5, 42, 'C5 YAZILIM', '56.32', 'mserbet@code5.com.tr', '(352) 224-81-25', '(505) 763-46-68', 'http://www.code5.com.tr', '{\\\"left\\\":524,\\\"top\\\":740.5999755859375,\\\"width\\\":100.88333129882812,\\\"height\\\":30,\\\"x\\\":524,\\\"y\\\":740.5999755859375,\\\"right\\\":624.8833312988281,\\\"bottom\\\":770.5999755859375}', 'MUSTAFA ÖZŞERBETÇİ - C5 YAZILIM', 'YENİ MAHALLE AŞIKVEYSEL BULVARI E.Ü.TGB İDARE VE KULUÇKA MRK.-1 BİNASI DIŞ KAPI NO:61 İÇ KAPI NO:42 MELİKGAZİ//KAYSERİ/TÜRKİYE 38039', 0, '2022-03-25 03:35:07'),
(40, 1, 5, 37, 'ARIGEN YAPAY ZEKA', '74.54', 'info@arigen.net', '0 (352) 504 70 38', '(535) 304-57-21', 'http://arigen.net/', '{\\\"left\\\":824,\\\"top\\\":248.59375,\\\"width\\\":170.40000915527344,\\\"height\\\":30,\\\"x\\\":824,\\\"y\\\":248.59375,\\\"right\\\":994.4000091552734,\\\"bottom\\\":278.59375}', 'ARIGEN YAPAY ZEKA VE YENİ NESİL TEKNOLOJİLERİ ANONİM ŞİRKETİ', 'ARIGEN Yapay Zeka ve Yeni Nesil Teknolojileri AS Yıldırım Beyazıt Mh. Aşık Veysel Blv. ERÜ Teknoloji Geliştirme İdare ve Kuluçka Merkezi Tekno-1 Binası No:61/37 Melikgazi/Kayseri', 8930, '2022-03-25 03:36:01'),
(39, 1, 4, 71, 'YAPRAK YAZILIM', '', 'contact@yaprakyazilim.com', '(352) 224-40-70', '(352) 224-40-70', 'http://www.yaprakyazilim.com', '{\"left\":12,\"top\":112,\"width\":82.42500305175781,\"height\":30,\"x\":12,\"y\":112,\"right\":94.42500305175781,\"bottom\":142}', 'YAPRAK YAZILIM BİLİŞİM TEKNOLOJİLERİ SAN. VE TİC. LTD. ŞTİ.', 'Erciyes Üniv.T.G.B.İdare Binası Ve İnkübatör Merkez-1 No:1/71 Kayseri', 0, '2022-03-25 10:39:57'),
(38, 1, 4, 36, 'SEFEROĞLU ELEKTRİK SANAYİ', '34.38', '', '352) 321-27-27', '', 'web@efektifenerji.com.tr', '{\\\"left\\\":526.984375,\\\"top\\\":206.59375,\\\"width\\\":239.015625,\\\"height\\\":30,\\\"x\\\":526.984375,\\\"y\\\":206.59375,\\\"right\\\":766,\\\"bottom\\\":236.59375}', 'SEFEROĞLU ELEKTRİK SANAYİ VE TİCARET ANONİM ŞİRKETİ', 'YILDIRIM BEYAZIT MAHALLESİ AŞIK VEYSEL BUL. E.Ü.TGB İDARE VE KULUÇKA MKZ-1. BİNASI DIŞ KAPI NO:61 İÇ KAPI NO:36 MELİKGAZİ//KAYSERİ/TÜRKİYE 38039', 0, '2022-03-25 03:30:58'),
(14, 1, 2, 18, 'DVC GRUP İNOVASYON', '21.93', 'dvcgrupino@gmail.com', '0532 663 04 49', '', '', '{\\\"left\\\":74,\\\"top\\\":475.60003662109375,\\\"width\\\":192.171875,\\\"height\\\":30,\\\"x\\\":74,\\\"y\\\":475.60003662109375,\\\"right\\\":266.171875,\\\"bottom\\\":505.60003662109375}', '', 'E.Ü.TGB İdare ve Kuluçka, Yıldırım Beyazıt Mah. Aşık Veysel Bulv, 1. Ap No:61/18, 38140 Melikgazi/Kayseri', 1, '2022-03-23 02:56:06'),
(15, 1, 2, 11, 'ABİS TEKNOLOJİ', '', 'info@abisteknoloji.com.tr', '+90 (352) 380 00 11', '+90 (352) 380 00 10', 'https://www.abisteknoloji.com.tr/', '{\\\"left\\\":823,\\\"top\\\":256.59375,\\\"width\\\":138.96875,\\\"height\\\":30,\\\"x\\\":823,\\\"y\\\":256.59375,\\\"right\\\":961.96875,\\\"bottom\\\":286.59375}', 'ABİS TEKNOLOJİ LTD.ŞTİ.', 'Erciyes Üniversitesi Teknoloji Geliştirme Bölgesi Tekno-1 Binası Giriş Kat No:11, KAYSERİ', 8890, '2022-03-25 08:41:43'),
(16, 1, 2, 0, 'BAYGAMER', '', '', '', '(539) 258-67-62', 'http://baygamer.com', '{\\\"left\\\":1007,\\\"top\\\":152.59375,\\\"width\\\":100.515625,\\\"height\\\":30,\\\"x\\\":1007,\\\"y\\\":152.59375,\\\"right\\\":1107.515625,\\\"bottom\\\":182.59375}', 'UMUT BAYIR-BAYGAMER', '', 8888, '2022-03-25 08:44:23'),
(17, 1, 2, 61, 'MSG TEKNOLOJİ', '', 'info@msgteknoloji.com', '0352 5035404', '', 'https://msgteknoloji.com', '{\\\"left\\\":992.921875,\\\"top\\\":194.59375,\\\"width\\\":139.078125,\\\"height\\\":30,\\\"x\\\":992.921875,\\\"y\\\":194.59375,\\\"right\\\":1132,\\\"bottom\\\":224.59375}', 'MSG TEKNOLOJİ', 'Yıldırım Beyazıt Mah. Aşık Veysel Blv. ERÜ TGB İdare ve Kuluçka-1 Binası No:61/20 3039 Melikgazi/KAYSERİ', 8878, '2022-03-25 08:51:45'),
(18, 1, 2, 61, 'NANOME NANO', '', 'info@nanome.tech', '', '', '', '{\\\"left\\\":992.421875,\\\"top\\\":231.59375,\\\"width\\\":139.578125,\\\"height\\\":30,\\\"x\\\":992.421875,\\\"y\\\":231.59375,\\\"right\\\":1132,\\\"bottom\\\":261.59375}', 'NANOME NANO TEKN.ARGE DAN.SAN.VE TİC.LTD.ŞTİ.', 'Yeni Mh, Erciyes Teknopark-1Melikgazi, Aşık Veysel Blv. No:61/19, 38010 Melikgazi/Kayseri', 8875, '2022-03-25 08:56:33'),
(19, 1, 2, 17, 'ZİRVE BİLİŞİM', '', 'info@zirvebilisim.com.tr', '0352 221 25 10', '', '', '{\\\"left\\\":84,\\\"top\\\":740.59375,\\\"width\\\":120.765625,\\\"height\\\":30,\\\"x\\\":84,\\\"y\\\":740.59375,\\\"right\\\":204.765625,\\\"bottom\\\":770.59375}', 'ZİRVE BİLİŞİM BİLGİSAYAR MÜHENDİSLİK SANAYİ TİCARET LİMİTED ŞİRKETİ', 'Yıldırım Beyazıt Mah. Aşık Veysel Bulvarı Erciyes Üniversitesi Teknopark Bölgesi 1.bina no:61/17 Melikgazi/Kayseri', 8869, '2022-03-25 09:01:09'),
(20, 1, 2, 21, 'T5 BİLGİ SİSTEMLERİ', '', '', '', '05336528440', 'https://www.t5-systems.com/', '{\\\"left\\\":401,\\\"top\\\":257.59375,\\\"width\\\":169.390625,\\\"height\\\":30,\\\"x\\\":401,\\\"y\\\":257.59375,\\\"right\\\":570.390625,\\\"bottom\\\":287.59375}', 'ONUR FENAR-T5 BİLGİ SİSTEMLERİ', 'T5 Bilgi Sistemleri - Yenimahalle Aşıkveysel Bulvarı Erciyesi Üniversitesi Teknoloji Geliştirme Bölgesi / İdare Binası ve Kuluçka Merkezi - 1.Binası Dış Kapı No 61 İç Kapı No 21 38039 Melikgazi KAYSERİ / TURKEY', 8884, '2022-03-25 09:03:26'),
(21, 1, 2, 21, 'T5 BİLGİ SİSTEMLERİ', '', '', '', '05336528440', 'https://www.t5-systems.com/', '{\\\"left\\\":397,\\\"top\\\":237.59375,\\\"width\\\":169.390625,\\\"height\\\":30,\\\"x\\\":397,\\\"y\\\":237.59375,\\\"right\\\":566.390625,\\\"bottom\\\":267.59375}', 'ONUR FENAR-T5 BİLGİ SİSTEMLERİ', 'T5 Bilgi Sistemleri - Yenimahalle Aşıkveysel Bulvarı Erciyesi Üniversitesi Teknoloji Geliştirme Bölgesi / İdare Binası ve Kuluçka Merkezi - 1.Binası Dış Kapı No 61 İç Kapı No 21 38039 Melikgazi KAYSERİ / TURKEY', 8884, '2022-03-25 09:03:28'),
(22, 1, 1, 7, 'ELZ TEKNOLOJİ', '78.97', 'info@elzteknoloji.com', '0352 224 47 77', '', 'https://www.elzteknoloji.com/', '{\\\"left\\\":116,\\\"top\\\":816.59375,\\\"width\\\":130.28125,\\\"height\\\":30,\\\"x\\\":116,\\\"y\\\":816.59375,\\\"right\\\":246.28125,\\\"bottom\\\":846.59375}', 'ELZ TEKNOLOJİ BİLGİSAYAR ELEKTRONİK ELEKTRİK MAKİNA İTHALAT İHRACAT SANAYİ VE TİCARET LİMİTED ŞİRKETİ', 'Yıldırmbeyazit Mah. Aşık Veysel Bulv. Erciyes Üniversitesi Teknoloji Geliştirme Bölgesi İdari Binası 1 Blok No : 61/7 Melikgazi/Kayseri', 8851, '2022-03-25 03:37:12'),
(23, 1, 1, 4, 'MCC YAZILIM MEDYA İNTERNET VE SİBER İLETİŞİM', '33.06', '', '', '(532) 468-72-49', '', '{\\\"left\\\":456.171875,\\\"top\\\":755.59997558594,\\\"width\\\":398.828125,\\\"height\\\":30,\\\"x\\\":456.171875,\\\"y\\\":755.59997558594,\\\"right\\\":855,\\\"bottom\\\":785.59997558594}', 'MCC YAZILIM MEDYA İNTERNET VE SİBER İLETİŞİM', 'TEKNO PARK 1 NO 4', 9285, '2022-03-25 10:18:21'),
(24, 1, 1, 2, 'TEKNOCC ARGE', '28.92', 'info@techno-cc.com', '', '05533790785', '', '{\\\"left\\\":790,\\\"top\\\":923.59375,\\\"width\\\":132.390625,\\\"height\\\":30,\\\"x\\\":790,\\\"y\\\":923.59375,\\\"right\\\":922.390625,\\\"bottom\\\":953.59375}', 'TEKNOCC ARGE İNOVASYON LİMİTED ŞİRKETİ', 'Yıldırım Beyazıt Mah. Aşık Veysel Blv. ERÜ TGB İdare ve Kuluçka-1 Binası No:61/2 3039 Melikgazi/KAYSERİ', 9710, '2022-03-25 03:37:22'),
(25, 1, 1, 10, 'USEM ARGE', '33.28', 'info@usemarge.com', '', '0543 352 8736', '', '{\\\"left\\\":560,\\\"top\\\":264.59375,\\\"width\\\":104.21875,\\\"height\\\":30,\\\"x\\\":560,\\\"y\\\":264.59375,\\\"right\\\":664.21875,\\\"bottom\\\":294.59375}', 'USEM ARGE VE DANIŞMANLIK SANAYİ VE TİCARET LİMİTED ŞİRKETİ', 'Erciyes Üniversitesi Teknoloji Geliştirme Bölgesi 1.Bina No:10 Melikgazi KAYSERİ', 8865, '2022-03-25 10:17:21'),
(26, 1, 1, 0, 'TEKNOBAHÇE', '', '', '', '', '', '{\\\"left\\\":151,\\\"top\\\":269.59375,\\\"width\\\":119.3125,\\\"height\\\":30,\\\"x\\\":151,\\\"y\\\":269.59375,\\\"right\\\":270.3125,\\\"bottom\\\":299.59375}', 'TEKNOBAHÇE', '', 9285, '2022-03-25 09:51:12'),
(27, 1, 1, 3, 'KENT MEDIA İNTERNET HİZMETLERİ', '45.47', 'bilgi@kentmedia.com.tr', '0216 706 60 88', '', '', '{\\\"left\\\":669,\\\"top\\\":721.59997558594,\\\"width\\\":289.421875,\\\"height\\\":30,\\\"x\\\":669,\\\"y\\\":721.59997558594,\\\"right\\\":958.421875,\\\"bottom\\\":751.59997558594}', 'KENT MEDIA İNTERNET HİZMETLERİ BASIN YAYIN VE REKLAMCILIK', 'Erciyes Üniversitesi Teknoloji Geliştirme Bölgesi Teknopark1 No: 3 Melikgazi / Kayseri', 9712, '2022-03-25 10:17:55'),
(28, 1, 4, 31, 'ADTARGET TEKNOLOJİ', '75.28', 'info@adtarget.com.tr', '+90 850 939 94 08', '(542) 605-25-00', 'https://adtarget.com.tr/', '{\\\"left\\\":69,\\\"top\\\":808.59375,\\\"width\\\":185.109375,\\\"height\\\":30,\\\"x\\\":69,\\\"y\\\":808.59375,\\\"right\\\":254.109375,\\\"bottom\\\":838.59375}', 'ADTARGET TEKNOLOJİ ANONİM ŞİRKETİ', 'YILDIRIM BEYAZIT MAHALLESİ AŞIKVEYSEL BULVARI E.Ü.TGB İDARE VE KULUÇKA -1.BİNASI DIŞ KAPI NO:61 İÇ KAPI NO:31 MELİKGAZİ//KAYSERİ/TÜRKİYE 38039', 9713, '2022-03-25 03:32:23'),
(29, 1, 4, 64, 'EFEKTİF ENDÜSTRİYEL', '', 'web@efektifenerji.com.tr', '+90 (352) 321 27 27', '', 'http://www.efektifenerji.com.tr', '{\\\"left\\\":520,\\\"top\\\":264.59375,\\\"width\\\":181.78125,\\\"height\\\":30,\\\"x\\\":520,\\\"y\\\":264.59375,\\\"right\\\":701.78125,\\\"bottom\\\":294.59375}', 'EFEKTİF ENDÜSTRİYEL ENERJİ MÜHENDİSLİK DIŞ TİCARET EĞİTİM ETÜT PROJE UYGULAMA AR-GE YAZILIM VE DANIŞMANLIK HİZMETLERİ İNŞAAT TAAHHÜT TİCARET VE SANAYİ ANONİM ŞİRKETİ', 'ERCİYES ÜNİVERSİTESİ TEKNOLOJİ GELİŞTİRME BÖLGESİ İNKÜBATÖR MERKEZİ-1 NO:64', 9714, '2022-03-25 10:08:12'),
(30, 1, 4, 61, 'ERHAN ÇEMREK – ÇEMREK BİLGİ TEKNOLOJİLERİ', '', 'info@cemrek.com.tr', '0 352 222 79 29', '', 'https://www.cemrek.com.tr/', '{\\\"left\\\":749.734375,\\\"top\\\":132.59375,\\\"width\\\":382.265625,\\\"height\\\":30,\\\"x\\\":749.734375,\\\"y\\\":132.59375,\\\"right\\\":1132,\\\"bottom\\\":162.59375}', 'ERHAN ÇEMREK - ÇEMREK BİLGİ TEKNOLOJİLERİ MÜHENDİSLİK VE DANIŞMANLIK HİZMETLERİ', 'ıldırım Beyazıt Mah. Aşık Veysel Bulvarı E.Ü. TGB İdare ve Kuluçka 1.Bina No:61/68 Melikgazi / KAYSERİ', 8934, '2022-03-25 10:14:08'),
(31, 1, 4, 35, 'İNNOFOMA SİSTEM TASARIM', '28.16', 'info@innofoma.com', '', '+90 534 945 62 20', 'http://www.innofoma.com/', '{\\\"left\\\":307,\\\"top\\\":217.59375,\\\"width\\\":239.09375,\\\"height\\\":30,\\\"x\\\":307,\\\"y\\\":217.59375,\\\"right\\\":546.09375,\\\"bottom\\\":247.59375}', 'İNNOFOMA SİSTEM TASARIM ARGE MÜHENDİSLİK SANAYİ VE TİCARET LİMİTED ŞİRKETİ', 'Erciyes Üniversitesi Teknopark 1.Bina Ofis No : 35 MELİKGAZİ / Kayseri', 0, '2022-03-25 03:30:13'),
(32, 1, 4, 28, 'METATRON YAZILIM', '28.16', 'ridvanozcan91@gmail.com', '', '(534) 813-21-31', 'http://ridvanozcan.com.tr/', '{\\\"left\\\":505,\\\"top\\\":749.59375,\\\"width\\\":168.5,\\\"height\\\":30,\\\"x\\\":505,\\\"y\\\":749.59375,\\\"right\\\":673.5,\\\"bottom\\\":779.59375}', 'RIDVAN ÖZCAN-METATRON YAZILIM', 'YILDIRIM BEYAZIT MAHALLESİ AŞIKVEYSEL BULVARI E.Ü.TGB İDARE VE KULUÇKA -1.BİNASI DIŞ KAPI NO:61 İÇ KAPI NO:28 MELİKGAZİ//KAYSERİ/TÜRKİYE 38039', 0, '2022-03-25 03:31:58'),
(33, 1, 4, 33, 'TTE MÜHENDİSLİK', '25.75', 'bilgi@ttemuhendislik.com', '(352) 503-06-00', '', 'http://www.ttemuhendislik.com/', '{\\\"left\\\":79,\\\"top\\\":412.59375,\\\"width\\\":155.765625,\\\"height\\\":30,\\\"x\\\":79,\\\"y\\\":412.59375,\\\"right\\\":234.765625,\\\"bottom\\\":442.59375}', 'TTE MÜHENDİSLİK DANIŞMANLIK ARAŞTIRMA GELİŞTİRME YAZILIM İNŞAAT TAAHHÜT SANAYİ VE TİCARET LİMİTED ŞİRKETİ', 'Yeni Mah. Asikveysel Blv. Erciyes Üniversitesi Teknoloji Gelistirme Bölge Idare Binasi ve Kuluçka Merkezi 1. Bina No: 61/33', 8912, '2022-03-25 03:31:38'),
(34, 1, 4, 34, 'ARGE ENERJİ MÜHENDİSLİK', '28.16', 'info@argemy.com', '', '0 532 646 08 67', '', '{\\\"left\\\":293,\\\"top\\\":310.59375,\\\"width\\\":226.71875,\\\"height\\\":30,\\\"x\\\":293,\\\"y\\\":310.59375,\\\"right\\\":519.71875,\\\"bottom\\\":340.59375}', 'ARGE ENERJİ MÜHENDİSLİK YAZILIM', 'Erciyes Teknopark 1.Bina 1.Kat No:34 Melikgazi / KAYSERİ', 8921, '2022-03-25 03:30:33'),
(35, 1, 4, 2, 'ENVEST ENERJİ', '', 'satis@koru1000.com', '+90 352 224 01 82', '+90 444 51 29', 'https://www.koru1000.com/', '{\\\"left\\\":1002.203125,\\\"top\\\":167.59375,\\\"width\\\":129.796875,\\\"height\\\":30,\\\"x\\\":1002.203125,\\\"y\\\":167.59375,\\\"right\\\":1132,\\\"bottom\\\":197.59375}', 'ENVEST ENERJİ VE SU TEKNOLOJİLERİ SANAYİ TİCARET LİMİTED ŞİRKETİ TEKNOPARK ŞUBESİ', 'ALTINOLUK MAH FATİH SULTAN MEHMET BULVARI NO:72/2 MELİKGAZİ / KAYSERİ', 8895, '2022-03-25 10:25:57'),
(36, 1, 4, 17, 'GÜLSAN GIDA', '', 'info@gulsangida.com', '+90 352 321 10 23', '90 352 321 12 78', 'http://www.gulsangida.com', '{\\\"left\\\":1010.34375,\\\"top\\\":300.59375,\\\"width\\\":121.65625,\\\"height\\\":30,\\\"x\\\":1010.34375,\\\"y\\\":300.59375,\\\"right\\\":1132,\\\"bottom\\\":330.59375}', 'GÜLSAN GIDA SANAYİ TİCARET ANONİM ŞİRKETİ TEKNOPARK ŞUBESİ', 'Organize Sanayi Bölgesi 8. Cad No:17 Melikgazi/KAYSERİ', 8909, '2022-03-25 10:27:25'),
(37, 1, 4, 0, 'MAKER KAYSERİ', '', 'destek@makerkayseri.com', '', '(554) 929-94-23', 'http://www.makerkayseri.com', '{\\\"left\\\":994.6875,\\\"top\\\":204.59375,\\\"width\\\":137.3125,\\\"height\\\":30,\\\"x\\\":994.6875,\\\"y\\\":204.59375,\\\"right\\\":1132,\\\"bottom\\\":234.59375}', 'MAKER KAYSERİ', '', 0, '2022-03-25 10:28:36'),
(44, 1, 5, 41, 'YAPAY ELMAS KAPLAMA', '28.16', 'akariper@gmail.com', '', '(505) 520-48-71', '', '{\\\"left\\\":667,\\\"top\\\":726.5999755859375,\\\"width\\\":201.28334045410156,\\\"height\\\":30,\\\"x\\\":667,\\\"y\\\":726.5999755859375,\\\"right\\\":868.2833404541016,\\\"bottom\\\":756.5999755859375}', 'İSHAK AFŞİN KARİPER-YAPAY ELMAS KAPLAMA', 'YENİ MAHALLE AŞIKVEYSEL BULVARI E.Ü.TGB İDARE VE KULUÇKA MRK. -1.BİNASI DIŞ KAPI NO:61 İÇ KAPI NO:41 MELİKGAZİ//KAYSERİ/TÜRKİYE 38039', 0, '2022-03-25 03:34:20'),
(45, 1, 5, 44, 'BİLETAL İÇ VE DIŞ', '36.28', 'ycelik@biletall.com', '(035) 222-22-22', '(543) 710-79-77', '', '{\\\"left\\\":314,\\\"top\\\":719.5999755859375,\\\"width\\\":147.14999389648438,\\\"height\\\":30,\\\"x\\\":314,\\\"y\\\":719.5999755859375,\\\"right\\\":461.1499938964844,\\\"bottom\\\":749.5999755859375}', '', 'YENİ MAHALLE AŞIKVEYSEL BULVARI E.Ü.TGB İDARE VE KULUÇKA MRK. - 1.BİNASI DIŞ KAPI NO:61 İÇ KAPI NO:50 MELİKGAZİ//KAYSERİ/TÜRKİYE 38039', 0, '2022-03-25 03:34:46'),
(46, 1, 5, 0, 'CODE 5', '', 'info@code5.com.tr', '(0352) 224 81 25', '', 'https://code5.com.tr/', '{\\\"left\\\":1062.140625,\\\"top\\\":133.59375,\\\"width\\\":69.859375,\\\"height\\\":30,\\\"x\\\":1062.140625,\\\"y\\\":133.59375,\\\"right\\\":1132,\\\"bottom\\\":163.59375}', 'CODE 5 YAZILIM DONANIM VE OTOMASYON SİSTEMLERİ', 'Erciyes Üniversitesi Teknopark 1 No\\\'lu Bina No:82-83 Melikgazi / KAYSERİ', 0, '2022-03-25 11:19:41'),
(47, 1, 5, 49, 'EMETAL ARGE BİLİŞİM', '34.38', 'mkaraca5@gmail.com', '', '(533) 210-19-84', '', '{\\\"left\\\":540,\\\"top\\\":243.59375,\\\"width\\\":182.35000610351562,\\\"height\\\":30,\\\"x\\\":540,\\\"y\\\":243.59375,\\\"right\\\":722.3500061035156,\\\"bottom\\\":273.59375}', 'EMETAL ARGE BİLİŞİM ANONİM ŞİRKETİ', 'YILDIRIM BEYAZIT MAHALLESİ AŞIKVEYSEL BULVARI E.Ü.TGB İDARE VE KULUÇKA -1.BİNASI DIŞ KAPI NO:61 İÇ KAPI NO:49 MELİKGAZİ//KAYSERİ/TÜRKİYE 38039', 0, '2022-03-25 03:33:16'),
(48, 1, 5, 0, 'URUK ENDÜSTRİYEL', '', 'bilal@uruk.com.tr', '(352) 311-50-13', '(530) 207-78-58', 'http://www.uruk.com.tr', '{\\\"left\\\":964.828125,\\\"top\\\":169.59375,\\\"width\\\":167.171875,\\\"height\\\":30,\\\"x\\\":964.828125,\\\"y\\\":169.59375,\\\"right\\\":1132,\\\"bottom\\\":199.59375}', 'URUK ENDÜSTRİYEL ÜRÜNLER SANAYİ VE TİCARET LİMİTED ŞİRKETİ', 'Erciyes Üniversitesi T.G.B Aşık veysel Bul. Yeni mah. Merkez-3 Binası', 0, '2022-03-25 11:23:00'),
(49, 1, 6, 86, 'APRON BİYOTEKNOLOJİ', '', 'eczbetul@gmail.com', '', '(505) 678-45-51', '', '{\\\"left\\\":492.29998779296875,\\\"top\\\":486.56666564941406,\\\"width\\\":195.6999969482422,\\\"height\\\":30,\\\"x\\\":492.29998779296875,\\\"y\\\":486.56666564941406,\\\"right\\\":687.9999847412109,\\\"bottom\\\":516.5666656494141}', 'APRON BİYOTEKNOLOJİ ANONİM ŞİRKETİ', 'YILDIRIM BEYAZIT MAHALLESİ AŞIKVEYSEL BULVARI E.Ü.TGB İDARE VE KULUÇKA -4.BİNASI DIŞ KAPI NO:67/3 İÇ KAPI NO:86 MELİKGAZİ//KAYSERİ/TÜRKİYE 38039', 0, '2022-03-25 11:45:05'),
(50, 1, 6, 55, 'BEEARGE MÜHENDİSLİK', '28.16', 'mailto:info@beearge.com', '', 'tel:0538 427 64 08', 'https://beearge.com/', '{\\\"left\\\":493,\\\"top\\\":768.232666015625,\\\"width\\\":197.11802673339844,\\\"height\\\":29.982641220092773,\\\"x\\\":493,\\\"y\\\":768.232666015625,\\\"right\\\":690.1180267333984,\\\"bottom\\\":798.2153072357178}', 'MÜMİN ÖZDEN - BEEARGE MÜHENDİSLİK VE DANIŞMANLIK HİZMETLERİ', 'Yıldırım Beyazıt Mahallesi E.Ü. TGB İdare ve Kuluçka, Aşık Veysel Blv. 28 3 D:No:55, 38010, 38000 Melikgazi/Kayseri', 8959, '2022-03-25 03:28:41'),
(51, 1, 6, 63, 'BİLİMPLANT', '34.38', 'mailto:aemindemirbas@hotmail.com', '', '(532) 781-12-92', '', '{\\\"left\\\":543,\\\"top\\\":250.56597900390625,\\\"width\\\":109.5138931274414,\\\"height\\\":29.982641220092773,\\\"x\\\":543,\\\"y\\\":250.56597900390625,\\\"right\\\":652.5138931274414,\\\"bottom\\\":280.548620223999}', 'BİLİMPLANT DİŞ MALZEMELERİ VE MEDİKAL ARGE YAZILIM SANAYİ TİCARET LİMİTED ŞİRKET', 'YENİ MAHALLE AŞIKVEYSEL BULVARI E.Ü.TGB İDARE VE KULUÇKA MRK. -1.BİNASI DIŞ KAPI NO:61 İÇ KAPI NO:63 MELİKGAZİ//KAYSERİ/TÜRKİYE 38039', 9284, '2022-03-25 03:29:35'),
(52, 1, 6, 57, 'EMAR PROJE YAZILIM', '112.28', 'mailto:info@mrpyazilim.com', 'tel:(0352) 221 22 84', '', 'http://www.mrpyazilim.com/', '{\\\"left\\\":92,\\\"top\\\":743.8999938964844,\\\"width\\\":179.39999389648438,\\\"height\\\":30,\\\"x\\\":92,\\\"y\\\":743.8999938964844,\\\"right\\\":271.3999938964844,\\\"bottom\\\":773.8999938964844}', 'EMAR PROJE YAZILIM DANIŞMANLIK VE BİLİŞİM HİZM.LTD.ŞTİ', 'Melikgazi, Yıldırım Beyazıt Mah. Aşık Veysel Bul. Erciyes Teknopark Bölgesi Bina No :1 Kat No:3 Daire No :57, Aşık Veysel Blv., 38140 Kayseri', 8965, '2022-03-25 03:26:12'),
(53, 1, 6, 60, 'DYM KOMPOZİT', '25.70', 'info@mbisavunma.com', '(212) 995-02-50', '(506) 488-16-96', '', '{\\\"left\\\":78,\\\"top\\\":354.56665802001953,\\\"width\\\":138.43333435058594,\\\"height\\\":30,\\\"x\\\":78,\\\"y\\\":354.56665802001953,\\\"right\\\":216.43333435058594,\\\"bottom\\\":384.56665802001953}', 'DYM KOMPOZİT VE MAKİNA SANAYİ TİCARET ANONİM ŞİRKETİ', 'YILDIRIM BEYAZIT MAHALLESİ AŞIKVEYSEL BULVARI E.Ü.TGB İDARE VE KULUÇKA -1.BİNASI DIŞ KAPI NO:61 İÇ KAPI NO:60 MELİKGAZİ//KAYSERİ/TÜRKİYE 38039', 0, '2022-03-25 03:27:59'),
(54, 1, 6, 59, 'EPİK MEDYA', '21.93', 'mailto:ratelgame@gmail.com', '(035) 260-60-81', '(536) 970-22-45', '', '{\\\"left\\\":96,\\\"top\\\":482.56668853759766,\\\"width\\\":107.60000610351562,\\\"height\\\":30,\\\"x\\\":96,\\\"y\\\":482.56668853759766,\\\"right\\\":203.60000610351562,\\\"bottom\\\":512.5666885375977}', 'EPİK MEDYA BASIN YAYIN ARGE VE YAZILIM TİCARET LİMİTED ŞİRKETİ', 'YILDIRIM BEYAZIT MAHALLESİ AŞIKVEYSEL BULVARI E.Ü.TGB İDARE VE KULUÇKA -1.BİNASI DIŞ KAPI NO:61 İÇ KAPI NO:59 MELİKGAZİ//KAYSERİ/TÜRKİYE 38039', 0, '2022-03-25 03:27:41'),
(55, 1, 6, 61, 'ERA BİLİŞİM', '112.28', 'info@erabil.com.tr', '(352) 224-21-21', '', 'http://www.erabil.com.tr', '{\\\"left\\\":261,\\\"top\\\":813.566650390625,\\\"width\\\":106.55000305175781,\\\"height\\\":30,\\\"x\\\":261,\\\"y\\\":813.566650390625,\\\"right\\\":367.5500030517578,\\\"bottom\\\":843.566650390625}', 'ERDEM KOCA - ERA BİLİŞİM', 'YENİ MAHALLE AŞIK VEYSEL BULVARI E.Ü.T.G.B. İdari bina ve İnkübatör merkezi-1 BİNASI NO:61/61-62 38039 MELİKGAZİ/ KAYSERİ', 0, '2022-03-25 03:27:12'),
(56, 1, 6, 54, 'LODOS TEKNOLOJİ', '28,16', 'ibrahimozdin@gmail.com', '', '(535) 687-53-10', 'http://www.lodosteknoloji.com', '{\\\"left\\\":652,\\\"top\\\":825.232666015625,\\\"width\\\":156.23260498046875,\\\"height\\\":29.982641220092773,\\\"x\\\":652,\\\"y\\\":825.232666015625,\\\"right\\\":808.2326049804688,\\\"bottom\\\":855.2153072357178}', 'ODOS TEKNOLOJİ ELEKTRONİK VE YAZILIM SANAYİ TİCARET LİMİTED ŞİRKETİ', 'YILDIRIM BEYAZIT MAHALLESİ AŞIKVEYSEL BULVARI E.Ü.TGB İDARE VE KULUÇKA MERKEZİ - 1.BİNASI DIŞ KAPI NO:61 İÇ KAPI NO:54 MELİKGAZİ//KAYSERİ/TÜRKİYE 38039', 8954, '2022-03-25 01:38:04'),
(57, 1, 8, 54, 'AK İNOVASYON', '28,16', 'ibrahimozdin@gmail.com', '', '(535) 687-53-10', 'http://www.lodosteknoloji.com', '{\\\"left\\\":664,\\\"top\\\":767.232666015625,\\\"width\\\":134.04518127441406,\\\"height\\\":29.982641220092773,\\\"x\\\":664,\\\"y\\\":767.232666015625,\\\"right\\\":798.0451812744141,\\\"bottom\\\":797.2153072357178}', 'AK İNOVASYON DANIŞMANLIK LİMİTED ŞİRKETİ', 'YILDIRIM BEYAZIT MAHALLESİ AŞIKVEYSEL BULVARI E.Ü.TGB İDARE VE KULUÇKA MERKEZİ - 1.BİNASI DIŞ KAPI NO:61 İÇ KAPI NO:54 MELİKGAZİ//KAYSERİ/TÜRKİYE 38039', 0, '2022-03-25 01:43:01'),
(58, 1, 8, 69, 'AK-KA ASANSÖR', '28,16', 'akkaasansor@hotmail.com', '(352) 224-60-52', '(554) 887-30-60', 'http://www.akkaasansor.com', '{\\\"left\\\":513.9999780654907,\\\"top\\\":812.232666015625,\\\"width\\\":143.80209350585938,\\\"height\\\":29.982641220092773,\\\"x\\\":513.9999780654907,\\\"y\\\":812.232666015625,\\\"right\\\":657.8020715713501,\\\"bottom\\\":842.2153072357178}', 'AK-KA ASANSÖR OTOMOSYON İNŞAAT SANAYİ VE TİCARET LİMİTED ŞİRKETİ', 'Teknoloji Geliştirme Bölgesi İnkübatör merkezi No:61/69', 9511, '2022-03-25 01:50:50'),
(59, 1, 8, 67, 'ALICE VE BEYAZ TAVŞAN', '16,45', 'duyguyucel@erciyes.edu.tr', '', '(533) 572-21-16', '', '{\\\"left\\\":819,\\\"top\\\":672.232666015625,\\\"width\\\":199.86111450195312,\\\"height\\\":29.982641220092773,\\\"x\\\":819,\\\"y\\\":672.232666015625,\\\"right\\\":1018.8611145019531,\\\"bottom\\\":702.2153072357178}', 'ALICE VE BEYAZ TAVŞAN BİYOTEKNOLOJİ VE MEDİKAL ARGE DANIŞMANLIK LİMİTED ŞİRKETİ', 'YENİ MAHALLE AŞIKVEYSEL BULVARI E.Ü.TGB İDARE VE KULUÇKA MERKEZİ', 0, '2022-03-25 01:55:32'),
(60, 1, 8, 68, 'ÇEMREK BİLGİ TEKNOLOJİLERİ', '28,16', 'cemrek@cemrek.com.tr', '352) 222-79-29', '(506) 350-91-92', 'http://https://www.cemrek.com.tr', '{\\\"left\\\":426,\\\"top\\\":670.5659790039062,\\\"width\\\":242.74307250976562,\\\"height\\\":29.982641220092773,\\\"x\\\":426,\\\"y\\\":670.5659790039062,\\\"right\\\":668.7430725097656,\\\"bottom\\\":700.548620223999}', 'ÇEMREK BİLGİ TEKNOLOJİLERİ MÜHENDİSLİK VE DANIŞMANLIK HİZMETLERİ', 'YILDIRIM BEYAZIT MAH AŞIKVEYSEL BLV ERCİYES TEKNOPARK 1.BİNA 61-68', 0, '2022-03-25 01:59:55'),
(61, 1, 8, 73, 'ERCİYES İLAÇ', '48,47', 'emine.selvi@erdogan.edu.tr', '(505) 243-39-72', '0552 386 93 86', '', '{\\\"left\\\":102,\\\"top\\\":385.56597900390625,\\\"width\\\":114.30555725097656,\\\"height\\\":29.982641220092773,\\\"x\\\":102,\\\"y\\\":385.56597900390625,\\\"right\\\":216.30555725097656,\\\"bottom\\\":415.548620223999}', 'ERCİYES İLAÇ BİTKESEL DESTEK ÜRÜNLERİ ARGE SANAYİ TİCARET LİMİTED ŞİRKETİ', 'Erciyes Üniversitesi Teknopark, Yıldırım Beyazıt Mahallesi Aşık Veysel Bulvarı, 1 Binası 61/73, 38000 Melikgazi/Kayseri', 9006, '2022-03-25 02:05:16'),
(62, 1, 8, 64, 'ERİA TEKNOLOJİ YAZILIM', '52,45', 'mailto:info@eriateknoloji.com', 'tel:0352 224 60 68', '(546) 479-66-90', 'http://www.eriateknoloji.com/', '{\\\"left\\\":817,\\\"top\\\":326.56597900390625,\\\"width\\\":206.38890075683594,\\\"height\\\":29.982641220092773,\\\"x\\\":817,\\\"y\\\":326.56597900390625,\\\"right\\\":1023.3889007568359,\\\"bottom\\\":356.548620223999}', 'ERİA TEKNOLOJİ YAZILIM DANIŞMANLIK ARGE VE TİCARET LİMİTED ŞİRKETİ', 'YENİ MAHALLE AŞIKVEYSEL BULVARI E.Ü.TGB İDARE VE KULUÇKA MER', 8985, '2022-03-25 02:09:50'),
(63, 1, 8, 71, 'OCEANNET', '37,00', 'gulsah@oceannet.com.tr', '(352) 224-64-21', '+90 352 224 64 21', 'http://www.oceannet.com.tr', '{\\\"left\\\":295,\\\"top\\\":811.232666015625,\\\"width\\\":99.42708587646484,\\\"height\\\":29.982641220092773,\\\"x\\\":295,\\\"y\\\":811.232666015625,\\\"right\\\":394.42708587646484,\\\"bottom\\\":841.2153072357178}', 'GÜLŞAH BAYRAM- OCEANNET', 'YILDIRIM BEYAZIT MAHALLESİAŞIKVEYSEL BULVARI E.Ü.TGB İDARE VE KULUÇKA MERKEZİ', 9001, '2022-03-25 02:14:55'),
(64, 1, 8, 72, '', '', 'mailto:nuhhattat@hotmail.com', '', '(532) 611-07-75', '75,28', '{\"left\":12,\"top\":112,\"width\":82.42500305175781,\"height\":30,\"x\":12,\"y\":112,\"right\":94.42500305175781,\"bottom\":142}', '', 'YILDIRIM BEYAZIT MAHALLESİ AŞIKVEYSEL BULVARI E.Ü.TGB İDARE VE KULUÇKA -1.BİNASI DIŞ KAPI NO:61 İÇ KAPI NO:72', 0, '2022-03-25 02:19:31'),
(65, 1, 8, 72, 'SELEDİYE HATTAT', '75.28', 'mailto:nuhhattat@hotmail.com', '', '(532) 611-07-75', '', '{\\\"left\\\":98,\\\"top\\\":766.3437652587891,\\\"width\\\":147.53472900390625,\\\"height\\\":29.982641220092773,\\\"x\\\":98,\\\"y\\\":766.3437652587891,\\\"right\\\":245.53472900390625,\\\"bottom\\\":796.3264064788818}', 'SELEDİYE HATTAT', 'YILDIRIM BEYAZIT MAHALLESİ AŞIKVEYSEL BULVARI E.Ü.TGB İDARE VE KULUÇKA -1.BİNASI DIŞ KAPI NO:61 İÇ KAPI NO:72', 0, '2022-03-25 02:19:00'),
(66, 2, 9, 2, 'BFG TEKNOLOJİK', '40,60', 'info@bfgteknoloji.com', '0 352 224 19 63', '(535) 706-26-81', 'http://www.bfgteknoloji.com.tr', '{\\\"left\\\":581,\\\"top\\\":419.5833435058594,\\\"width\\\":143.75,\\\"height\\\":30,\\\"x\\\":581,\\\"y\\\":419.5833435058594,\\\"right\\\":724.75,\\\"bottom\\\":449.5833435058594}', 'BFG TEKNOLOJİK ARAŞTIRMALAR AKREDİTASYON SAN.TİC.LTD.ŞTİ', 'Erciyes Üniversitesi Teknoloji Geliştirme İdari Binası İnkübatör Mrk.2 No:65/2 38039 KAYSER', 9516, '2022-03-28 08:52:44'),
(67, 2, 9, 3, 'İLTELİS İLERİ TEKNOLOJİ ELEKTRONİK', '42,04', 'iltelis@iltelis.com', '0 352 224 24 20', '(352) 224-24-20', 'http://www.iltelis.com', '{\\\"left\\\":674,\\\"top\\\":259.58334350586,\\\"width\\\":297.3958435058594,\\\"height\\\":30,\\\"x\\\":674,\\\"y\\\":259.58334350586,\\\"right\\\":971.3958435058594,\\\"bottom\\\":289.58334350586}', 'İLTELİS İLERİ TEKNOLOJİ ELEKTRONİK VE İLETİŞİM SİSTEMLERİ MÜHENDİSLİK BİLGİSAYAR SANAYİ VE TİCARET LİMİTED ŞİRKETİ', 'YENİ MAHALLE AŞIK VEYSEL BULVARI E.Ü.T.G.B. İdari bina ve İnkübatör merkezi-2 No:65/3 38039 Melikgazi/ Kayseri', 8874, '2022-03-28 08:58:09'),
(68, 2, 9, 10, 'KÜLTEPE GİRİŞİM ARGE', '42,04', 'mailto:bilgi@kultepe.com.tr', '', '', 'http://www.kultepe.com.tr/', '{\\\"left\\\":233,\\\"top\\\":351.5833435058594,\\\"width\\\":190.89584350585938,\\\"height\\\":30,\\\"x\\\":233,\\\"y\\\":351.5833435058594,\\\"right\\\":423.8958435058594,\\\"bottom\\\":381.5833435058594}', 'KÜLTEPE GİRİŞİM ARGE VE DANIŞMANLIK FİNANSAL HİZMETLER ANONİM ŞİRKETİ', 'Yıldırım Beyazıt Mahallesi, Aşık Veysel Bulvarı, Erciyes Teknopark 2. Bina 67/', 8894, '2022-03-28 09:00:57'),
(69, 2, 9, 5, 'NANOBİOTECH ARGE', '74,76', 'dilek@nanobioag.com', '0 352 503 03 01', '(533) 513-26-88', 'http://www.nanobiotech.com.tr/', '{\\\"left\\\":904,\\\"top\\\":193.58334350585938,\\\"width\\\":175.4791717529297,\\\"height\\\":30,\\\"x\\\":904,\\\"y\\\":193.58334350585938,\\\"right\\\":1079.4791717529297,\\\"bottom\\\":223.58334350585938}', 'NANOBİOTECH ARGE İNOV.SAĞ.ÜRÜN.SAN.VE TİC.LTD.ŞTİ.', 'Yeni Mahallesi, Aşık Veysel Bulvarı, 65/5 Kayseri', 8885, '2022-03-28 09:05:21'),
(70, 2, 9, 7, 'NETSOFT BİLİŞİM VE YAZILIM SİSTEMLERİ', '28,31', 'bilgi@netsoftbilisim.com', '(352) 232-30-70', '(535) 344-19-34', 'http://www.netsoftbilisim.com/', '{\\\"left\\\":298,\\\"top\\\":246.58334350586,\\\"width\\\":330.1458435058594,\\\"height\\\":30,\\\"x\\\":298,\\\"y\\\":246.58334350586,\\\"right\\\":628.1458435058594,\\\"bottom\\\":276.58334350586}', 'NETSOFT BİLİŞİM VE YAZILIM SİSTEMLERİ', 'Erciyes Üniversitesi Teknoloji Geliştirme Bölgesi Tekno-2 Binası No:65/ Melikgazi / KAYSERİ', 9727, '2022-03-28 09:13:31'),
(71, 2, 9, 6, 'NİVERA BİLGİ TEKNOLOJİLERİ', '74,76', 'bilgi@netsoftbilisim.com', '(352) 224-90-30', '(543) 623-85-34', 'http://www.nivera.com.tr', '{\\\"left\\\":862,\\\"top\\\":391.58334350586,\\\"width\\\":238.1875,\\\"height\\\":30,\\\"x\\\":862,\\\"y\\\":391.58334350586,\\\"right\\\":1100.1875,\\\"bottom\\\":421.58334350586}', 'NİVERA BİLGİ TEKNOLOJİLERİ TURİZM SANAYİ VE TİCARET LİMİTED ŞİRKETİ', 'AŞIK VEYSEL BUL. TEKNOPARK TEKNO-2 BİNASI 65/6', 8907, '2022-03-28 09:16:22'),
(72, 2, 9, 9, 'NUTRAL TERAPİ', '42,04', 'mailto:bilgi@nutraltherapy.com', '(352) 503-40-40', 'tel:0352 503 40 40', 'http://https://nsl.com.tr/', '{\\\"left\\\":262,\\\"top\\\":186.58334350586,\\\"width\\\":136.375,\\\"height\\\":30,\\\"x\\\":262,\\\"y\\\":186.58334350586,\\\"right\\\":398.375,\\\"bottom\\\":216.58334350586}', 'NUTRAL TERAPİ BESİNSEL TEDAVİ ARAŞTIRMA GELİŞTİRME SANAYİ VE TİCARET LİMİTED ŞİRKETİ', 'YENİ MAHALLE AŞIKVEYSEL BULVARI E.Ü.TGB İDARE VE KULUÇKA MRK.', 9729, '2022-03-28 09:27:01'),
(73, 2, 9, 1, 'ORASSİST YAZILIM SANAY', '40,60', 'seferhan@orassist.com.tr', '', '(530) 433-66-43', 'http://www.orassist.com.tr', '{\\\"left\\\":579,\\\"top\\\":195.58334350585938,\\\"width\\\":213.9166717529297,\\\"height\\\":30,\\\"x\\\":579,\\\"y\\\":195.58334350585938,\\\"right\\\":792.9166717529297,\\\"bottom\\\":225.58334350585938}', 'ORASSİST YAZILIM SANAYİ VE TİCARET LİMİTED ŞİRKETİ', 'YENİ MAHALLE AŞIK VEYSEL BULVARI E.Ü.T.G.B. İdari bina ve İnkübatör merkezi-2 BİNASI NO:65/1 38039 MELİKGAZİ/ KAYSERİ', 0, '2022-03-28 09:31:43'),
(74, 2, 9, 26, 'SFPT BİOTECH', '25,36', 'okaycaglayan@yahoo.com', '(352) 502-67-02', '(535) 584-79-78', '', '{\\\"left\\\":22,\\\"top\\\":315.5833435058594,\\\"width\\\":121.875,\\\"height\\\":30,\\\"x\\\":22,\\\"y\\\":315.5833435058594,\\\"right\\\":143.875,\\\"bottom\\\":345.5833435058594}', 'SFPT BİOTECH SAĞLIK ARAŞTIRMA GELİŞTİRME SANAYİ VE TİCARET ANONİM ŞİRKETİ', 'YENİ MAHALLE AŞIKVEYSEL BULVARI E.Ü.TGB İDARE VE KULUÇKA MERKEZİ - 2.BİNASI DIŞ KAPI NO:65 İÇ KAPI NO:26 MELİKGAZİ//KAYSERİ/TÜRKİYE 38039', 0, '2022-03-28 09:35:16'),
(75, 2, 9, 12, 'SUFFATECH', '73,56', 'shasoglu@erciyes.edu.tr', '', '+90 530 918 30 01', 'http://www.suffatech.com', '{\\\"left\\\":125,\\\"top\\\":435.5833435058594,\\\"width\\\":100.58333587646484,\\\"height\\\":30,\\\"x\\\":125,\\\"y\\\":435.5833435058594,\\\"right\\\":225.58333587646484,\\\"bottom\\\":465.5833435058594}', 'SUFFATECH ARGE YAZILIM VE BİLİŞİM TEKNOLOJİLERİ SANAYİ VE TİCARET LİMİTED ŞİRKETİ', 'Yıldırım Beyazıt Mah. Aşık Veysel Blv. E.Ü TGB Idare ve Kuluçka 2 No:65/12 38010 Melikgazi/KAYSERI', 9514, '2022-03-28 09:39:05'),
(76, 2, 9, 4, 'VERİ VERDE PROJE DANIŞMANLIK', '42,04', 'info@veriverde.com.tr', '(352) 224-11-01', '0 541 322 47 07', 'http://www.veriverde.com.tr/ana-sayfa.html', '{\\\"left\\\":692,\\\"top\\\":454.5833435058594,\\\"width\\\":271.9583435058594,\\\"height\\\":30,\\\"x\\\":692,\\\"y\\\":454.5833435058594,\\\"right\\\":963.9583435058594,\\\"bottom\\\":484.5833435058594}', 'VERİ VERDE PROJE DANIŞMANLIK ARGE EĞİTİM MÜHENDİSLİK ENERJİ TASARIM SANAYİ VE TİCARET LİMİTED ŞİRKETİ', 'Erciyes Üniversitesi Teknoloji Geliştirme Bölgesi, Erciyes Teknopark, İnkübatör Merkezi-2, No:4 Melikgazi KAYSER', 9730, '2022-03-28 09:45:38'),
(77, 2, 10, 16, 'ALPAN FARMA AR-GE', '42,04', 'mailto:aydin@alpanfarma.com', '(352) 437-44-29', '(90) 532 551 00 82', 'http://www.alpanfarma.com.tr', '{\\\"left\\\":702,\\\"top\\\":665.9166717529297,\\\"width\\\":178.8125,\\\"height\\\":30,\\\"x\\\":702,\\\"y\\\":665.9166717529297,\\\"right\\\":880.8125,\\\"bottom\\\":695.9166717529297}', 'ALPAN FARMA AR-GE BİYOTEKNOLOJİLERİ LİMİTED ŞİRKETİ', 'YENİ MAHALLE AŞIK VEYSEL BULVARI E.Ü.T.G.B. İdari bina ve İnkübatör merkezi- 2 binası No: 65/16 38039 Melikgazi/Kayseri', 9002, '2022-03-28 09:51:20'),
(78, 2, 10, 14, 'APRON TEKNOLOJİ', '40,60', 'orhan@ledeca.com', '(0.212) 876 83 33', '(544) 200-91-20', 'http://www.apronteknoloji.com/', '{\\\"left\\\":624,\\\"top\\\":618.9166717529297,\\\"width\\\":159.5625,\\\"height\\\":30,\\\"x\\\":624,\\\"y\\\":618.9166717529297,\\\"right\\\":783.5625,\\\"bottom\\\":648.9166717529297}', 'APRON TEKNOLOJİ ANONİM ŞİRKETİ - TEKNOPARK ŞUBESİ', 'YENİ MAHALLE AŞIK VEYSEL BUL. E.Ü.TGB İDARE VE KULUÇKA MKZ-2 BİNASI DIŞ KAPI NO:65 İÇ KAPI NO: MELİKGAZİ//KAYSERİ/TÜRKİYE 38039', 9731, '2022-03-28 09:57:34'),
(79, 2, 10, 17, 'CHEMICAMED KİMYA ANONİM ŞİRKETİ', '19,38', 'info@chemicamed.com', '0 216 591 01 5', '(532) 561-12-63', 'http://www.chemicamed.com', '{\\\"left\\\":723,\\\"top\\\":404.5833435058594,\\\"width\\\":312.79168701171875,\\\"height\\\":30,\\\"x\\\":723,\\\"y\\\":404.5833435058594,\\\"right\\\":1035.7916870117188,\\\"bottom\\\":434.5833435058594}', 'CHEMICAMED KİMYA ANONİM ŞİRKETİ', 'YILDIRIM BEYAZIT MAHALLESİ AŞIKVEYSEL BULVARI E.Ü.TGB İDARE VE KULUÇKA -2.BİNASI DIŞ KAPI NO:65 İÇ KAPI NO:17 MELİKGAZİ//KAYSERİ/TÜRKİYE 38039', 8958, '2022-03-28 10:05:59'),
(80, 2, 10, 23, 'CRYOCAN BASINÇLI KAPLAR', '74,75', 'info@cryocan.com.com', '(352) 220-45-45', '(543) 686-58-19', 'http://www.cryocan.com', '{\\\"left\\\":57,\\\"top\\\":490.5833435058594,\\\"width\\\":231.5416717529297,\\\"height\\\":30,\\\"x\\\":57,\\\"y\\\":490.5833435058594,\\\"right\\\":288.5416717529297,\\\"bottom\\\":520.5833435058594}', 'CRYOCAN BASINÇLI KAPLAR ENDÜSTRİYEL TESİSLER SANAYİ VE TİCARET LİMİTED ŞİRKETİ ARGE ŞUBESİ', 'Yeni Mah. Aşık Veysel Bul. Erciyes Üniversitesi T.G.B. Merkez -2 Binası No:23', 9732, '2022-03-28 10:15:22'),
(81, 2, 10, 20, 'İNNO SOFT YAZILIM', '40,60', 'halit@innosoft.com.tr', '(352) 501-00-99', '(506) 252-66-26', 'www.innosoft.com.tr', '{\\\"left\\\":368,\\\"top\\\":625.9166717529297,\\\"width\\\":167.6041717529297,\\\"height\\\":30,\\\"x\\\":368,\\\"y\\\":625.9166717529297,\\\"right\\\":535.6041717529297,\\\"bottom\\\":655.9166717529297}', 'İNNO SOFT YAZILIM ARGE VE REKLAM TİCARET LİMİTED ŞİRKET', 'YENİ MAHALLE AŞIK VEYSEL BULVARI E.Ü.T.G.B.İDARİ BİNASI VE KULUÇKA MERKEZİ-2 BİNASI NO:65/20 39038 MELİKGAZİ/ KAYSERİ', 8993, '2022-03-28 10:18:12'),
(82, 2, 10, 21, 'MEDİTEK ARGE', '42,04', 'mailto:iletisim@meditek.net', 'tel:+90 216 706 3338', '(530) 498-68-90', 'http://www.meditekyazilim.net/Iletisim/', '{\\\"left\\\":288,\\\"top\\\":521.5833435058594,\\\"width\\\":128.8125,\\\"height\\\":30,\\\"x\\\":288,\\\"y\\\":521.5833435058594,\\\"right\\\":416.8125,\\\"bottom\\\":551.5833435058594}', 'MEDİTEK ARGE', 'Aşık Veysel Bulvarı E.Ü.TGB İdare ve Kuluçka 2 Apt. No:65/13 Melikgazi/KAYSERİ', 8929, '2022-03-28 10:23:03'),
(83, 2, 10, 13, 'MEDİTEK ARGE', '59,30', 'mailto:iletisim@meditek.net', 'tel:+90 216 706 3338', '(530) 498-68-90', 'http://www.meditekyazilim.net/Iletisim/', '{\\\"left\\\":593,\\\"top\\\":525.5832977294922,\\\"width\\\":128.8125,\\\"height\\\":30,\\\"x\\\":593,\\\"y\\\":525.5832977294922,\\\"right\\\":721.8125,\\\"bottom\\\":555.5832977294922}', 'MEDİTEK ARGE', 'Aşık Veysel Bulvarı E.Ü.TGB İdare ve Kuluçka 2 Apt. No:65/13 Melikgazi/KAYSERİ', 0, '2022-03-28 10:24:50'),
(84, 2, 10, 15, 'SİMAN BİLİŞİM TEKNOLOJİLERİ', '40,60', 'm.keklikoglu@hotmail.com', '', '(534) 702-65-65', '', '{\\\"left\\\":653,\\\"top\\\":480.9166717529297,\\\"width\\\":251.2291717529297,\\\"height\\\":30,\\\"x\\\":653,\\\"y\\\":480.9166717529297,\\\"right\\\":904.2291717529297,\\\"bottom\\\":510.9166717529297}', 'MUSTAFA KEKLİKOĞLU-SİMAN BİLİŞİM TEKNOLOJİLERİ', 'YILDIRIM BEYAZIT MAHALLESİ AŞIKVEYSEL BULVARI E.Ü.TGB İDARE VE KULUÇKA -2.BİNASI DIŞ KAPI NO:65 İÇ KAPI NO:15 MELİKGAZİ//KAYSERİ/TÜRKİYE 38039', 0, '2022-03-28 10:28:17'),
(85, 2, 10, 24, 'SOLARSHINE', '73,56', 'info@cansolar.com', '+90 352 290 03 59', '(542) 383-85-74', 'https://odulsolar.com/', '{\\\"left\\\":138,\\\"top\\\":686.9166870117188,\\\"width\\\":112.79167175292969,\\\"height\\\":30,\\\"x\\\":138,\\\"y\\\":686.9166870117188,\\\"right\\\":250.7916717529297,\\\"bottom\\\":716.9166870117188}', 'SOLARSHINE ENERJİ ÜRETİM İNŞAAT SANAYİ TİCARET ANONİM ŞİRKETİ', 'YENİ MAHALLE AŞIKVEYSEL BULVARI E.Ü.TGB İDARE VE KULUÇKA MRK.-2.BİNASI DIŞ KAPI NO:65 İÇ KAPI NO:24 MELİKGAZİ//KAYSERİ/TÜRKİYE 38039', 9733, '2022-03-28 10:31:44'),
(86, 2, 10, 25, 'SUİT YAZILIM SANAYİ', '25,36', 'mailto:info@suityazilim.com', 'tel:0 352 224 81 12 - 13', '(532) 527-50-05', 'https://www.suityazilim.com/', '{\\\"left\\\":54,\\\"top\\\":599.5833435058594,\\\"width\\\":178.7916717529297,\\\"height\\\":30,\\\"x\\\":54,\\\"y\\\":599.5833435058594,\\\"right\\\":232.7916717529297,\\\"bottom\\\":629.5833435058594}', 'SUİT YAZILIM SANAYİ VE TİCARET LİMİTED ŞİRKETİ', 'Suit Yazılım San.Tic.Ltd.Şti., Erciyes Teknopark ,', 8969, '2022-03-28 10:34:05'),
(87, 4, 16, 14, 'AKSEL', '25.25', '', '', '', '', '{\\\"left\\\":11.988636016845703,\\\"top\\\":221.5880584716797,\\\"width\\\":61.27840805053711,\\\"height\\\":29.985794067382812,\\\"x\\\":11.988636016845703,\\\"y\\\":221.5880584716797,\\\"right\\\":73.26704406738281,\\\"bottom\\\":251.5738525390625}', 'AKSEL TEKNOLOJİ SANAYİ VE TİCARET LİMİTED ŞİRKETİ', '', 9285, '2022-03-28 10:43:42'),
(88, 4, 16, 11, 'BATARYASAN', '24.74', 'info@bataryasan.com', '+90 352 606 06 89', '+90 352 606 06 89', 'https://bataryasan.com', '{\\\"left\\\":201,\\\"top\\\":182.5833282470703,\\\"width\\\":116.76666259765625,\\\"height\\\":30,\\\"x\\\":201,\\\"y\\\":182.5833282470703,\\\"right\\\":317.76666259765625,\\\"bottom\\\":212.5833282470703}', 'BATARYASAN ENERJİ VE SANAYİ TİCARET LİMİTED ŞİRKETİ', 'Yıldırım Beyazıt Mah. Aşık Veysel Bulv., Erciyes Üniv. Tek. Gel. Böl. İdare Kuluçka-4 Binası, Dış Kapı No: 67/3 İç Kapı No: 11, 38030, Melikgazi/KAYSERİ', 9306, '2022-03-28 10:51:15'),
(89, 4, 16, 2, 'BİBASOFT', '24.48', 'bilalb@erciyes.edu.tr', '(536) 393-24-79', '(536) 393-24-79', '', '{\\\"left\\\":776,\\\"top\\\":211.5880584716797,\\\"width\\\":89.81533813476562,\\\"height\\\":29.985794067382812,\\\"x\\\":776,\\\"y\\\":211.5880584716797,\\\"right\\\":865.8153381347656,\\\"bottom\\\":241.5738525390625}', 'BİBASOFT İNOVASYON VE YAZILIM ANONİM ŞİRKETİ', 'no 2', 9285, '2022-03-28 10:54:04'),
(90, 4, 16, 30, 'BİLİŞİM BİLGİSAYAR', '25.43', 'info@bb.com.tr', '+90 (352) 222 73 93', '+90 (352) 222 73 93', 'https://www.bb.com.tr', '{\\\"left\\\":781,\\\"top\\\":587.5833282470703,\\\"width\\\":165.10000610351562,\\\"height\\\":30,\\\"x\\\":781,\\\"y\\\":587.5833282470703,\\\"right\\\":946.1000061035156,\\\"bottom\\\":617.5833282470703}', 'BİLİŞİM BİLGİSAYAR LTD. ŞTİ.', 'Erciyes Teknopark Tekno 4 Binası No: 33 Melikgazi/KAYSERİ', 9529, '2022-03-28 10:58:32'),
(91, 4, 16, 4, 'Bmoonze', '24.04', '', '', '', '', '{\\\"left\\\":626,\\\"top\\\":208.58805847168,\\\"width\\\":84.4666748046875,\\\"height\\\":30,\\\"x\\\":626,\\\"y\\\":208.58805847168,\\\"right\\\":710.4666748046875,\\\"bottom\\\":238.58805847168}', 'Bmoonze', 'no 4', 9285, '2022-03-28 11:00:01'),
(92, 4, 16, 27, 'DAPHNE', '23.84', '', '(532) 764-35-77', '', '', '{\\\"left\\\":794,\\\"top\\\":764.5833435058594,\\\"width\\\":80.03334045410156,\\\"height\\\":30,\\\"x\\\":794,\\\"y\\\":764.5833435058594,\\\"right\\\":874.0333404541016,\\\"bottom\\\":794.5833435058594}', 'DAPHNE BİLİŞİM LİMİTED ŞİRKETİ', 'no 27', 9285, '2022-03-28 11:01:54'),
(93, 4, 16, 20, 'Defsofcon', '13.20', '', '', '', '', '{\\\"left\\\":426,\\\"top\\\":756.5880584716797,\\\"width\\\":90.42613220214844,\\\"height\\\":29.985794067382812,\\\"x\\\":426,\\\"y\\\":756.5880584716797,\\\"right\\\":516.4261322021484,\\\"bottom\\\":786.5738525390625}', 'Defsofcon', 'no 20', 9285, '2022-03-28 11:03:43'),
(94, 4, 16, 19, 'ELA TEKNOLOJİ', '13.20', 'info@elamuhendislik.com.tr', '0555 716 05 65', '', 'https://www.elamuhendislik.com.tr/', '{\\\"left\\\":427,\\\"top\\\":662.5880584716797,\\\"width\\\":131.69033813476562,\\\"height\\\":29.985794067382812,\\\"x\\\":427,\\\"y\\\":662.5880584716797,\\\"right\\\":558.6903381347656,\\\"bottom\\\":692.5738525390625}', 'ELA TEKNOLOJİ', 'Köşk, Erciyes Üniversitesi, Teknoloji Geliştirme Bölgesi, Yıldırım Beyazıt Mahallesi, Aşık Veysel Bulvarı, Tekno 4 Binası No:67-3-19, 38030 Melikgazi/Kayseri', 9310, '2022-03-28 11:07:51'),
(95, 4, 16, 12, 'HMS HEALTH MOBİLE SOFTWARE', '25.81', '', '', '', '', '{\\\"left\\\":140,\\\"top\\\":251.58331298828125,\\\"width\\\":269.316650390625,\\\"height\\\":30,\\\"x\\\":140,\\\"y\\\":251.58331298828125,\\\"right\\\":409.316650390625,\\\"bottom\\\":281.58331298828125}', 'HMS HEALTH MOBİLE SOFTWARE SAĞLIK MOBİL YAZILIM VE EĞİTİM ANONİM ŞİRKETİ', 'no 12', 9285, '2022-03-28 11:09:38'),
(96, 4, 16, 31, 'KAYNAR ARGE', '14.41', 'mkaynar@kaynargrup.com', '(506) 730-12-30', '', 'http://www.kaynargrup.com', '{\\\"left\\\":786,\\\"top\\\":531.5833282470703,\\\"width\\\":124.33332824707031,\\\"height\\\":30,\\\"x\\\":786,\\\"y\\\":531.5833282470703,\\\"right\\\":910.3333282470703,\\\"bottom\\\":561.5833282470703}', 'KAYNAR ARGE DANIŞMANLIK MAKİNE SANAYİ VE TİCARET LİMİTED ŞİRKETİ', 'no 31', 9285, '2022-03-28 11:12:04'),
(97, 4, 16, 24, 'KCM TEKNOLOJİ', '41.92', 'mehmet@kcmteknoloji.com.tr', '+90 850 840 05 26', '+90 850 840 05 26', 'https://kcmteknoloji.com.tr/', '{\\\"left\\\":546.9999847412109,\\\"top\\\":967.5880737304688,\\\"width\\\":138.6221466064453,\\\"height\\\":29.985794067382812,\\\"x\\\":546.9999847412109,\\\"y\\\":967.5880737304688,\\\"right\\\":685.6221313476562,\\\"bottom\\\":997.5738677978516}', 'KCM TEKNOLOJİ ELEKTRİK ELEKTRONİK TASARIM BİLGİSAYAR SANAYİ VE TİCARET LİMİTED ŞİRKETİ', 'KCM Teknoloji Erciyes Teknopark 4. Bina No: 67A/24, 38039 Melikgazi/Kayseri', 9315, '2022-03-28 11:14:18'),
(98, 4, 16, 29, 'KORAL YAZILIM VE ARGE', '25.43', '', '(553) 100-28-64', '', '', '{\\\"left\\\":781,\\\"top\\\":643.5833282470703,\\\"width\\\":203.0833282470703,\\\"height\\\":30,\\\"x\\\":781,\\\"y\\\":643.5833282470703,\\\"right\\\":984.0833282470703,\\\"bottom\\\":673.5833282470703}', 'KORAL YAZILIM VE ARGE', 'no 29', 9285, '2022-03-28 11:16:07'),
(99, 4, 16, 26, 'KULTAŞ DANIŞMANLIK', '52.98', 'info@lilyumdetoks.com', '', '', 'https://www.lilyumdetoks.com', '{\\\"left\\\":684,\\\"top\\\":839.5880584716797,\\\"width\\\":188.2670440673828,\\\"height\\\":29.985794067382812,\\\"x\\\":684,\\\"y\\\":839.5880584716797,\\\"right\\\":872.2670440673828,\\\"bottom\\\":869.5738525390625}', 'KULTAŞ DANIŞMANLIK', 'no 26', 9317, '2022-03-28 11:18:23'),
(100, 4, 16, 8, 'LİFOSBİO TARIM', '26.69', 'lifosbio@gmail.com', '551 425 8032', '551 425 8032', 'http://www.lifosbio.com', '{\\\"left\\\":381,\\\"top\\\":240.58805847168,\\\"width\\\":138.86666870117188,\\\"height\\\":30,\\\"x\\\":381,\\\"y\\\":240.58805847168,\\\"right\\\":519.8666687011719,\\\"bottom\\\":270.58805847168003}', 'LİFOSBİO TARIM ARGE SANAYİ VE TİCARET LİMİTED ŞİRKETİ', 'Yeni Mahalle, Aşık Veysel Bulvarı Erciyes Üniversitesi TGB-3 İdare ve Kuluçka Merkezi No: 67/11 Melikgazi/Kayseri 38039', 9285, '2022-03-28 11:21:03'),
(101, 4, 16, 3, 'MAM HİGH', '43.65', 'leventyavuz@me.com', '(050) 764-25-03', '(050) 764-25-03', '', '{\\\"left\\\":694,\\\"top\\\":242.5880584716797,\\\"width\\\":101.23579406738281,\\\"height\\\":29.985794067382812,\\\"x\\\":694,\\\"y\\\":242.5880584716797,\\\"right\\\":795.2357940673828,\\\"bottom\\\":272.5738525390625}', 'MAM HİGH TECH MÜHENDİSLİK LİMİTED ŞİRKETİ', 'no 3', 9295, '2022-03-28 11:23:27'),
(102, 4, 16, 7, 'MIPS LABORATUVAR', '21.17', 'info@mipsmedical.com', '0850 888 28 09', '0850 888 28 09', 'https://mipsmedical.com', '{\\\"left\\\":370.00000381469727,\\\"top\\\":198.5881805419922,\\\"width\\\":172.8125,\\\"height\\\":29.985794067382812,\\\"x\\\":370.00000381469727,\\\"y\\\":198.5881805419922,\\\"right\\\":542.8125038146973,\\\"bottom\\\":228.573974609375}', 'MIPS LABORATUVAR ARGE YAZILIM SANAYİ VE TİCARET LİMİTED ŞİRKETİ', 'Yeni Mahalle Aşıkveysel Bulvarı Erciyes Teknopark 67/3 No:7 Melikgazi/KAYSERİ', 9302, '2022-03-28 11:25:09'),
(103, 4, 16, 21, 'NÖTRON TASARIM', '14.77', '', '(553) 854-85-41', '(553) 854-85-41', '', '{\\\"left\\\":54,\\\"top\\\":829.5833129882812,\\\"width\\\":157.51666259765625,\\\"height\\\":30,\\\"x\\\":54,\\\"y\\\":829.5833129882812,\\\"right\\\":211.51666259765625,\\\"bottom\\\":859.5833129882812}', 'NÖTRON TASARIM', 'no 21', 9285, '2022-03-28 11:27:33'),
(110, 4, 17, 40, 'ABG TEKNOLOJİ', '51.65', 'info@abgteknoloji.com', '+90 352 502 00 22', '+90 352 502 00 22', 'http://www.abgteknoloji.com', '{\\\"left\\\":752,\\\"top\\\":578.588134765625,\\\"width\\\":136.2783966064453,\\\"height\\\":29.985794067382812,\\\"x\\\":752,\\\"y\\\":578.588134765625,\\\"right\\\":888.2783966064453,\\\"bottom\\\":608.5739288330078}', 'ABG TEKNOLOJİ SİSTEMLERİ YAZILIM REKLAM EĞİTİM TURİZM SANAYİ VE TİCARET ANONİM ŞİRKETİ', 'Yeni Mah. Aşık Veysel Bulv. Erciyes Teknopark 4. Blok No:40 Melikgazi KAYSERİ', 9330, '2022-03-28 11:52:46'),
(104, 4, 16, 10, 'ROSYVİEN', '25.19', '', '+90 530 224 3010', '+90 530 224 3010', 'http://rosyvien.com', '{\\\"left\\\":262,\\\"top\\\":218.5833282470703,\\\"width\\\":91.98333740234375,\\\"height\\\":30,\\\"x\\\":262,\\\"y\\\":218.5833282470703,\\\"right\\\":353.98333740234375,\\\"bottom\\\":248.5833282470703}', 'ROSYVİEN TEKNOLOJİ VE TASARIM SANAYİ TİCARET LİMİTED ŞİRKETİ', 'Rosyvien Teknoloji ve Tasarım Erciyes Teknopark Kampüsü, Tekno 4 Binası No: 10 Malikgazi, Kayseri', 9304, '2022-03-28 11:30:49'),
(105, 4, 16, 5, 'TECHFIRE MÜHENDİSLİK', '23.95', 'techfiremuhendislik@gmail.com', '(542) 397-25-22', '(542) 397-25-22', 'http://techfire.com.tr', '{\\\"left\\\":566,\\\"top\\\":173.58805847167997,\\\"width\\\":200.65000915527344,\\\"height\\\":30,\\\"x\\\":566,\\\"y\\\":173.58805847167997,\\\"right\\\":766.6500091552734,\\\"bottom\\\":203.58805847167997}', 'TECHFIRE MÜHENDİSLİK LİMİTED ŞİRKETİ', 'no 5', 9297, '2022-03-28 11:37:33'),
(106, 4, 16, 23, 'USTURLAB', '25.40', 'selimsurguvec@gmail.com', '(537) 914-81-69', '(537) 914-81-69', 'http://www.usturlabarge.com', '{\\\"left\\\":208,\\\"top\\\":994.5881042480469,\\\"width\\\":95.95169830322266,\\\"height\\\":29.985794067382812,\\\"x\\\":208,\\\"y\\\":994.5881042480469,\\\"right\\\":303.95169830322266,\\\"bottom\\\":1024.5738983154297}', 'USTURLAB MÜHENDİSLİK TEKNOLOJİ ARAŞTIRMA GELİŞTİRME SANAYİ VE TİCARET LİMİTED ŞİRKETİ', 'Yeni Mahalle Aşık Veysel Bulvarı Erciyes Teknopark 5. Bina Bodurm Kat No:14', 9285, '2022-03-28 11:39:58'),
(107, 4, 16, 28, 'VEHBİ ÇAĞRI GÜNGÖR AKADEMİ', '', 'cagrigungor@gmail.com', '(352) 224-88-00 no 28', '(352) 224-88-00 no 28', '', '{\\\"left\\\":788,\\\"top\\\":713.5833435058594,\\\"width\\\":265.1166687011719,\\\"height\\\":30,\\\"x\\\":788,\\\"y\\\":713.5833435058594,\\\"right\\\":1053.1166687011719,\\\"bottom\\\":743.5833435058594}', 'VEHBİ ÇAĞRI GÜNGÖR AKADEMİ ARGE YAZILIM DANIŞMANLIK ELEKTRİK ELEKTRONİK MÜHENDİSLİK BİLİŞİM', 'no 28', 9285, '2022-03-28 11:41:37'),
(108, 4, 16, 6, 'YEDİRENK BİLİŞİM', '26.69', 'bilgi@yedirenktasarim.com', '+90 352 221 17 40', '+90 352 221 17 40', 'https://www.yedirenktasarim.com', '{\\\"left\\\":504,\\\"top\\\":247.58805847168,\\\"width\\\":153.4166717529297,\\\"height\\\":30,\\\"x\\\":504,\\\"y\\\":247.58805847168,\\\"right\\\":657.4166717529297,\\\"bottom\\\":277.58805847168003}', 'YEDİRENK BİLİŞİM TEKNOLOJİK ÜRÜNLER DANIŞMANLIK LİMİTED ŞİRKETİ', 'Erciyes Üniversitesi Teknopark 4.Bina Ofis No : 6 MELİKGAZİ / KAYSERİ', 9299, '2022-03-28 11:44:08'),
(109, 4, 16, 1, 'YERLİ NANO ENZİM HİBRİT', '24.30', 'ismailocsoy@erciyes.edu.tr', '(352) 207-66-66', '(352) 207-66-66', '', '{\\\"left\\\":819,\\\"top\\\":263.5880584716797,\\\"width\\\":221.53408813476562,\\\"height\\\":29.985794067382812,\\\"x\\\":819,\\\"y\\\":263.5880584716797,\\\"right\\\":1040.5340881347656,\\\"bottom\\\":293.5738525390625}', 'YERLİ NANO ENZİM HİBRİT TEKNOLOJİSİ ARGE DANIŞMANLIK SANAYİ VE TİCARET LİMİTED ŞİRKETİ', 'no 1', 9285, '2022-03-28 11:46:59'),
(111, 4, 17, 38, 'BİLİŞİM BİLGİSAYAR', '35.22', 'info@bb.com.tr', '(352) 222-73-93', '+90 (352) 222 73 93', 'http://www.bb.com.tr', '{\\\"left\\\":634.9999389648438,\\\"top\\\":890.5880432128906,\\\"width\\\":165.09942626953125,\\\"height\\\":29.985794067382812,\\\"x\\\":634.9999389648438,\\\"y\\\":890.5880432128906,\\\"right\\\":800.099365234375,\\\"bottom\\\":920.5738372802734}', 'BİLİŞİM BİLGİSAYAR LTD. ŞTİ.', 'Erciyes Teknopark Tekno 4 Binası No: 33 Melikgazi/KAYSERİ', 9529, '2022-03-28 11:56:15'),
(112, 4, 17, 39, 'BİLİŞİM BİLGİSAYAR', '35.22', '', '', '', '', '{\\\"left\\\":754,\\\"top\\\":739.5880432128906,\\\"width\\\":165.09942626953125,\\\"height\\\":29.985794067382812,\\\"x\\\":754,\\\"y\\\":739.5880432128906,\\\"right\\\":919.0994262695312,\\\"bottom\\\":769.5738372802734}', '', '', 0, '2022-03-28 12:01:47'),
(113, 4, 17, 33, 'BİLİŞİM BİLGİSAYAR', '139.94', '', '', '', '', '{\\\"left\\\":661,\\\"top\\\":210.5880584716797,\\\"width\\\":165.09942626953125,\\\"height\\\":29.985794067382812,\\\"x\\\":661,\\\"y\\\":210.5880584716797,\\\"right\\\":826.0994262695312,\\\"bottom\\\":240.5738525390625}', '', '', 0, '2022-03-28 12:02:26'),
(114, 4, 17, 34, 'ERSER', '86.66', '', '(352) 330-25-25', '(352) 330-25-25', '', '{\\\"left\\\":417,\\\"top\\\":214.5880584716797,\\\"width\\\":60.880680084228516,\\\"height\\\":29.985794067382812,\\\"x\\\":417,\\\"y\\\":214.5880584716797,\\\"right\\\":477.8806800842285,\\\"bottom\\\":244.5738525390625}', 'ERSER DESTEK VE LOJİSTİK HİZMETLERİ TİCARET ANONİM ŞİRKETİ', 'no 34', 9285, '2022-03-28 12:04:29');
INSERT INTO `wp_stnc_map_floors_locations` (`id`, `building_id`, `floor_id`, `door_number`, `company_name`, `square_meters`, `email`, `phone`, `mobile_phone`, `web_site`, `map_location`, `company_description`, `address`, `media_id`, `add_date`) VALUES
(115, 4, 17, 35, 'ESTRON', '50.67', 'info@estronteknoloji.com', '(0352) 330 40 35', '(0352) 330 40 35', 'https://www.estronteknoloji.com/', '{\\\"left\\\":267,\\\"top\\\":228.5880584716797,\\\"width\\\":75.90908813476562,\\\"height\\\":29.985794067382812,\\\"x\\\":267,\\\"y\\\":228.5880584716797,\\\"right\\\":342.9090881347656,\\\"bottom\\\":258.5738525390625}', 'ESTRON KABLOSUZ HABERLEŞME SİSTEMLERİ YAZILIM VE OTOMASYON SAN TİC AŞ', 'Yıldırım Beyazıt Mahallesi Aşık Veysel Bulvarı Erciyes Üniversitesi Teknoloji Geliştirme Bölgesi İdare ve Kuluçka Merkezi-4 No:67/3 İç Kapı No:35, Melikgazi', 9326, '2022-03-28 12:06:37'),
(116, 4, 17, 36, 'PERGA', '103.21', 'http://perga.com.tr', '0553 828 08 38', '(0352) 222 15 53', '', '{\\\"left\\\":96,\\\"top\\\":220.5880584716797,\\\"width\\\":65.2414779663086,\\\"height\\\":29.985794067382812,\\\"x\\\":96,\\\"y\\\":220.5880584716797,\\\"right\\\":161.2414779663086,\\\"bottom\\\":250.5738525390625}', 'PERGA YAZ.OTOM.BİL.TEK.SAN.VE TİC.LTD.ŞTİ', 'Erciyes Üniversitesi Teknopark 5. Bina No:40 Melikgazi / KAYSERİ', 9328, '2022-03-28 12:08:38'),
(117, 4, 18, 49, 'ARGEA TEKNOLOJİ', '56.12', 'info@argea.com.tr', '+90 352 333 27 43', '+90 352 333 27 43', 'http://www.argea.com.tr', '{\\\"left\\\":647,\\\"top\\\":932.588134765625,\\\"width\\\":156.3068084716797,\\\"height\\\":29.985794067382812,\\\"x\\\":647,\\\"y\\\":932.588134765625,\\\"right\\\":803.3068084716797,\\\"bottom\\\":962.5739288330078}', 'ARGEA TEKNOLOJİ SANAYİ VE TİCARET ANONİM ŞİRKETİ', 'YILDIRIM BEYAZIT MAHALLESİ AŞIKVEYSEL BULVARI E.Ü.TGB İDARE VE KULUÇKA MRK. – 4.BİNASI DIŞ KAPI NO:67/3 İÇ KAPI NO:49 MELİKGAZİ 38039 KAYSERİ TÜRKİYE', 9336, '2022-03-28 01:13:00'),
(118, 4, 18, 48, 'ATLAS SAYAÇ', '104.84', 'info@atlassayac.com', '0 352 224 32 84', '0 352 224 32 84', 'http://www.atlassayac.com', '{\\\"left\\\":535.0000610351562,\\\"top\\\":967.5880737304688,\\\"width\\\":115.41192626953125,\\\"height\\\":29.985794067382812,\\\"x\\\":535.0000610351562,\\\"y\\\":967.5880737304688,\\\"right\\\":650.4119873046875,\\\"bottom\\\":997.5738677978516}', 'ATLAS SAYAÇ VE ÖLÇÜ ALETLERİ YAZILIM OTOMASYON SANAYİ VE TİCARET ANONİM ŞİRKETİ', 'Erciyes Üni. Teknopark 4.Bina No:67/A Kat:1 No:48', 9334, '2022-03-28 01:15:31'),
(119, 4, 18, 51, 'DETAGEN', '117.08', 'bilgi@detagen.com.tr', '+90 352 2313123', '+90 352 2313123', 'https://www.detagen.com.tr/', '{\\\"left\\\":771,\\\"top\\\":665.5880584716797,\\\"width\\\":86.3210220336914,\\\"height\\\":29.985794067382812,\\\"x\\\":771,\\\"y\\\":665.5880584716797,\\\"right\\\":857.3210220336914,\\\"bottom\\\":695.5738525390625}', 'DETAGEN GENETİK TANI ARAŞTIRMA VE UYGULAMA MERKEZİ ANONİM ŞİRKETİ', 'Tacettin Veli Mah. Deliklitaş Cad. No:12/A PK:38150', 9339, '2022-03-28 01:28:39'),
(120, 4, 18, 50, 'DETAGEN', '68.79', '', '', '', '', '{\\\"left\\\":811,\\\"top\\\":865.5880737304688,\\\"width\\\":86.3210220336914,\\\"height\\\":29.985794067382812,\\\"x\\\":811,\\\"y\\\":865.5880737304688,\\\"right\\\":897.3210220336914,\\\"bottom\\\":895.5738677978516}', 'DETAGEN', '', 9339, '2022-03-28 01:29:37'),
(121, 4, 18, 45, 'GND OTOMASYON', '50.79', 'info@gndotomasyon.com', '', '', 'http://www.gndotomasyon.com', '{\\\"left\\\":231,\\\"top\\\":241.5880584716797,\\\"width\\\":156.2357940673828,\\\"height\\\":29.985794067382812,\\\"x\\\":231,\\\"y\\\":241.5880584716797,\\\"right\\\":387.2357940673828,\\\"bottom\\\":271.5738525390625}', 'GND OTOMASYON', 'no 45', 9285, '2022-03-28 01:31:27'),
(122, 4, 18, 44, 'OCEANNET', '86.84', 'gulsah@oceannet.com.tr', '+90 352 224 64 21', '+90 352 224 64 21', 'https://oceannet.com.tr/', '{\\\"left\\\":424,\\\"top\\\":205.5880584716797,\\\"width\\\":99.40340423583984,\\\"height\\\":29.985794067382812,\\\"x\\\":424,\\\"y\\\":205.5880584716797,\\\"right\\\":523.4034042358398,\\\"bottom\\\":235.5738525390625}', 'OCEANNET', 'Erciyes Üniversitesi Teknopark 4.Blok No:44, Melikgazi / KAYSERİ', 9343, '2022-03-28 01:35:07'),
(123, 4, 18, 43, 'ONG MÜHENDİSLİK', '50.10', 'bilgi@ong.com.tr', '(0352) 502 00 77', '(0352) 502 00 77', 'http://ong.com.tr', '{\\\"left\\\":514,\\\"top\\\":233.5880584716797,\\\"width\\\":164.31817626953125,\\\"height\\\":29.985794067382812,\\\"x\\\":514,\\\"y\\\":233.5880584716797,\\\"right\\\":678.3181762695312,\\\"bottom\\\":263.5738525390625}', 'ONG MÜHENDİSLİK ARGE YENİLENEBİLİR ENERJİ MAKİNE İNŞAAT TAAHHÜT SANAYİ VE TİCARET LİMİTED ŞİRKETİ', 'Aşık Veysel Bulvarı Erciyes Teknopark Tekno-4 Binası No:43, 38030 Melikgazi/Kayseri', 9341, '2022-03-28 01:37:09'),
(124, 4, 18, 47, 'SAHİR YAZILIM', '181.12', 'info@sahiryazilim.com', '', '(352) 333-48-38', 'https://www.sahiryazilim.com/', '{\\\"left\\\":37,\\\"top\\\":620.59375,\\\"width\\\":129.6875,\\\"height\\\":30,\\\"x\\\":37,\\\"y\\\":620.59375,\\\"right\\\":166.6875,\\\"bottom\\\":650.59375}', 'SAHİR YAZILIM', '', 9332, '2022-03-28 01:39:48'),
(125, 3, 12, 12, 'ENTEGREV', '34,05', 'mailto:info@entegrev.com', '', 'tel:(055) 365-12-60', 'http://entegrev.com/', '{\\\"left\\\":451,\\\"top\\\":423.5833435058594,\\\"width\\\":94.14583587646484,\\\"height\\\":30,\\\"x\\\":451,\\\"y\\\":423.5833435058594,\\\"right\\\":545.1458358764648,\\\"bottom\\\":453.5833435058594}', 'eNTEGREV E-TİCARET ÇÖZÜMLERİ', 'YILDIRIM BEYAZIT MAHALLESİ AŞIKVEYSEL BULVARI E.Ü.TGB İDARE VE KULUÇKA -3.BİNASI DIŞ KAPI NO:67 İÇ KAPI NO:12 MELİKGAZİ//KAYSERİ/TÜRKİYE 38039', 0, '2022-03-28 01:52:53'),
(126, 3, 12, 17, 'HT BİLİŞİM', '51,38', 'mailto:mailtoht@ht.net.tr', 'tel:0 (352) 222 22 94', 'tel:(549) 494-98-88', 'http://www.ht.web.tr', '{\\\"left\\\":847,\\\"top\\\":595.9166870117188,\\\"width\\\":97.97917175292969,\\\"height\\\":30,\\\"x\\\":847,\\\"y\\\":595.9166870117188,\\\"right\\\":944.9791717529297,\\\"bottom\\\":625.9166870117188}', 'HAKAN TOPUZOĞLU - HT BİLİŞİM EĞİTİM DANIŞMANLIK', 'Erciyes Üniversitesi Teknoloji Geliştirme Bölgesi (Teknopark) Tekno 3 Bina, No:67/17 Melikgazi/KAYSERİ', 9056, '2022-03-28 01:54:48'),
(127, 3, 12, 38, 'KC TEK', '453,62', 'mailto:info@kc.com.tr', '', 'tel:(532) 638-46-46', 'https://kc.com.tr/#contact', '{\\\"left\\\":585,\\\"top\\\":837.9166870117188,\\\"width\\\":66.60417175292969,\\\"height\\\":30,\\\"x\\\":585,\\\"y\\\":837.9166870117188,\\\"right\\\":651.6041717529297,\\\"bottom\\\":867.9166870117188}', 'KC TEK', 'Erciyes Teknopark Tekno 3 No:67/38, 38010 Melikgazi/Kayseri', 9060, '2022-03-28 01:56:52'),
(128, 3, 12, 13, 'KÖK BİOTEK', '37,69', 'kokyavuz@gmail.com', 'tel:0352 207 66 00', 'tel:(505) 347-88-38', 'http://www.kokbiotek.com.tr/', '{\\\"left\\\":439,\\\"top\\\":257.5833435058594,\\\"width\\\":105.9375,\\\"height\\\":30,\\\"x\\\":439,\\\"y\\\":257.5833435058594,\\\"right\\\":544.9375,\\\"bottom\\\":287.5833435058594}', 'KÖK BİOTEK', 'YENİ Mah. AŞIK VEYSEL Bul. E.Ü.TGB İDARE VE KULUÇKA 3 Apt. No: 67 / 13 MELİKGAZİ / KAYSERİ ADRESNO: 2794934782', 0, '2022-03-28 02:30:49'),
(129, 4, 18, 46, 'TURCOSA', '103.27', '', '0-352-503-0902', '0-352-503-0902', 'https://turcosa.com.tr/', '{\\\"left\\\":12,\\\"top\\\":291.59375,\\\"width\\\":87.375,\\\"height\\\":30,\\\"x\\\":12,\\\"y\\\":291.59375,\\\"right\\\":99.375,\\\"bottom\\\":321.59375}', 'TURCOSA ANALİTİK ÇÖZÜMLEMELER YAZILIM TEKNOLOJİ ARGE SANAYİ VE TİCARET LİMİTED ŞİRKETİ', 'Yıldırım Beyazıt Mah. Aşık Veysel Bulvarı Erciyes Üniversitesi Teknoloji Geliştirme Bölgesi İdare Binası ve Kuluçka Merkezi - 4. Binası Dış Kapı No:67/3 Kapı No:85, 38039, Melikgazi/KAYSERİ', 9285, '2022-03-28 02:01:49'),
(130, 4, 19, 60, 'FORS BİLİŞİM', '31.21', 'fors@forsbilisim.com', '(0352) 224 32 80', '(0352) 224 32 80', 'http://www.forsbilisim.com', '{\\\"left\\\":602,\\\"top\\\":728.59375,\\\"width\\\":116.21875,\\\"height\\\":30,\\\"x\\\":602,\\\"y\\\":728.59375,\\\"right\\\":718.21875,\\\"bottom\\\":758.59375}', 'FORS BİLİŞİM YAZILIM DONANIM OTOMASYON VE AR-GE HİZMETLERİ SAN. VE TİC. LTD. ŞTİ.', 'Erciyes Üniversitesi Teknoloji Geliştirme Bölgesi, İdari Bina 3 No:303, 38039', 9285, '2022-03-28 02:10:57'),
(131, 4, 19, 57, 'İNTERSİS', '', '', '', '', '', '{\\\"left\\\":412,\\\"top\\\":908.59375,\\\"width\\\":83.0625,\\\"height\\\":30,\\\"x\\\":412,\\\"y\\\":908.59375,\\\"right\\\":495.0625,\\\"bottom\\\":938.59375}', 'İNTERSİS', '', 9285, '2022-03-28 02:12:30'),
(132, 4, 19, 56, 'İNTERSİS', '', '', '', '', '', '{\\\"left\\\":408,\\\"top\\\":671.59375,\\\"width\\\":83.0625,\\\"height\\\":30,\\\"x\\\":408,\\\"y\\\":671.59375,\\\"right\\\":491.0625,\\\"bottom\\\":701.59375}', 'İNTERSİS', '', 9285, '2022-03-28 02:12:59'),
(133, 4, 19, 55, 'İNTERSİS', '', '', '', '', '', '{\\\"left\\\":404,\\\"top\\\":581.59375,\\\"width\\\":83.0625,\\\"height\\\":30,\\\"x\\\":404,\\\"y\\\":581.59375,\\\"right\\\":487.0625,\\\"bottom\\\":611.59375}', 'İNTERSİS', '', 9285, '2022-03-28 02:13:31'),
(134, 4, 19, 61, 'LEAN YAZILIM', '64.84', 'info@leanbilisim.com', '', '', '', '{\\\"left\\\":606,\\\"top\\\":612.59375,\\\"width\\\":122.515625,\\\"height\\\":30,\\\"x\\\":606,\\\"y\\\":612.59375,\\\"right\\\":728.515625,\\\"bottom\\\":642.59375}', 'LEAN YAZILIM VE BİLİŞİM TEKNOLOJİLERİ GIDA TARIM HAYVANCILIK SANAYİ VE TİCARET ANONİM ŞİRKETİ', '', 9365, '2022-03-28 02:18:13'),
(135, 3, 12, 39, 'NETCOM BİLGİSAYAR YAZILIM', '599,23', 'mailto:info@netcom.com.tr', 'tel:90 352 207 10 00', '(533) 641-54-94', 'http://www.netcom.com.tr', '{\\\"left\\\":812,\\\"top\\\":833.9166870117188,\\\"width\\\":242.2291717529297,\\\"height\\\":30,\\\"x\\\":812,\\\"y\\\":833.9166870117188,\\\"right\\\":1054.2291717529297,\\\"bottom\\\":863.9166870117188}', 'NETCOM BİLGİSAYAR YAZILIM İNTERNET VE TELEKOMİNİKASYON HİZMETLERİ SANAYİ VE TİCARET ANONİM ŞİRKETİ', 'Erciyes Teknopark Tekno 3 No: 67/39', 9064, '2022-03-28 02:25:25'),
(136, 4, 19, 54, 'MARS', '51.33', 'info@marsteknoloji.com.tr', '', '', 'https://marsteknoloji.com.tr', '{\\\"left\\\":413,\\\"top\\\":226.59375,\\\"width\\\":59.984375,\\\"height\\\":30,\\\"x\\\":413,\\\"y\\\":226.59375,\\\"right\\\":472.984375,\\\"bottom\\\":256.59375}', 'MARS', 'Yıldırım Beyazıt Mah. Aşık Veysel Blv. No: 67/3 Erciyes Teknopark Tekno-4 No:54 Melikgazi/Kayseri', 9356, '2022-03-28 02:26:10'),
(137, 3, 12, 37, 'NETSİM BİLGİSAYAR', '403,09', 'info@netsim.com.tr', '(352) 222-26-28', '(352) 222-57-07', 'http://www.netsim.com.tr', '{\\\"left\\\":216,\\\"top\\\":823.9166717529297,\\\"width\\\":167.2291717529297,\\\"height\\\":30,\\\"x\\\":216,\\\"y\\\":823.9166717529297,\\\"right\\\":383.2291717529297,\\\"bottom\\\":853.9166717529297}', 'NETSİM BİLGİSAYAR', 'Erciyes Teknopark Tekno - 3 No:67/37 Melikgazi/KAYSERİ', 9058, '2022-03-28 02:29:14'),
(138, 3, 12, 14, 'NUTRAL TERAPİ BESİNSEL TEDAVİ', '46,21', 'mailto:bilgi@nutraltherapy.com', '(352) 503-40-40', 'tel:https://www.nutraltherapy.com/iletisim/', 'https://www.nutraltherapy.com/iletisim/', '{\\\"left\\\":821,\\\"top\\\":197.58334350585938,\\\"width\\\":271.875,\\\"height\\\":30,\\\"x\\\":821,\\\"y\\\":197.58334350585938,\\\"right\\\":1092.875,\\\"bottom\\\":227.58334350585938}', 'NUTRAL TERAPİ BESİNSEL TEDAVİ ARAŞTIRMA GELİŞTİRME SANAYİ VE TİCARET LİMİTED ŞİRKETİ', 'Yıldırım Beyazıt Mah. Aşık Veysel Blv. Erciyes Üniversitesi Teknopark 3 No: 67/14 38039 Melikgazi Kayseri', 9729, '2022-03-28 02:34:03'),
(139, 3, 12, 16, 'OBİLET', '51,26', 'law@obilet.com', '(212) 963-03-53', '', 'http://obilet.com', '{\\\"left\\\":881,\\\"top\\\":470.5833435058594,\\\"width\\\":67.6875,\\\"height\\\":30,\\\"x\\\":881,\\\"y\\\":470.5833435058594,\\\"right\\\":948.6875,\\\"bottom\\\":500.5833435058594}', 'OBİLET', 'Sultan Selim Mah. Yunus Emre Cad. Topçu İş Merk. No:1/11 Kat:3 Kağıthane/İstanbul', 9054, '2022-03-28 02:36:15'),
(140, 3, 12, 15, 'OBİLET', '40,58', 'law@obilet.com', '(212) 963-03-53', '', 'http://obilet.com', '{\\\"left\\\":913,\\\"top\\\":328.5833435058594,\\\"width\\\":67.6875,\\\"height\\\":30,\\\"x\\\":913,\\\"y\\\":328.5833435058594,\\\"right\\\":980.6875,\\\"bottom\\\":358.5833435058594}', 'OBİLET', 'Sultan Selim Mah. Yunus Emre Cad. Topçu İş Merk. No:1/11 Kat:3 Kağıthane/İstanbul', 9052, '2022-03-28 02:37:05'),
(141, 3, 14, 25, 'ADMATİC TEKNOLOJİ', '54,59', 'mailto:info@admatic.com.tr', '(352) 503-57-57', '(542) 605-25-00', 'http://www.admatic.com.tr/', '{\\\"left\\\":864,\\\"top\\\":217.58334350585938,\\\"width\\\":176.3541717529297,\\\"height\\\":30,\\\"x\\\":864,\\\"y\\\":217.58334350585938,\\\"right\\\":1040.3541717529297,\\\"bottom\\\":247.58334350585938}', 'ADMATİC TEKNOLOJİ ANONİM ŞİRKETİ', 'YENİ MAHALLE AŞIKVEYSEL BULVARI E.Ü.TGB İDARE VE KULUÇKA MERKEZİ -3.BİNASI DIŞ KAPI NO:67 İÇ KAPI 25', 9083, '2022-03-28 02:39:57'),
(142, 3, 14, 29, 'ETTO ERCİYES TEKNOTRANSFER', '34,22', 'info@erciyestto.com', '0352 224 81 12 – 13', '(352) 225-00-9', 'http://www.erciyestto.com/iletisim', '{\\\"left\\\":780,\\\"top\\\":916.9166870117188,\\\"width\\\":255.52084350585938,\\\"height\\\":30,\\\"x\\\":780,\\\"y\\\":916.9166870117188,\\\"right\\\":1035.5208435058594,\\\"bottom\\\":946.9166870117188}', 'ETTO ERCİYES TEKNOTRANSFER OFİS DANIŞMANLIK HİZMETLERİ SANAYİ VE TİCARET LİMİTED ŞİRKETİ', 'riYıldırım Beyazıt Mah. Aşık Veysel Bulvarı E.Ü. TGB idare Binası ve Kuluçka Mrk. 3. Binası 67/29 38039 Melikgazi / KAYSERİ', 9088, '2022-03-28 02:43:53'),
(143, 3, 14, 26, 'LİFOS YAZILIM VE BİLİŞİM', '40,13', 'mailto:info@lifos.net', '(352) 224-22-00', '(850) 303-00-63', 'https://lifos.net/', '{\\\"left\\\":831,\\\"top\\\":361.9166717529297,\\\"width\\\":210.3125,\\\"height\\\":30,\\\"x\\\":831,\\\"y\\\":361.9166717529297,\\\"right\\\":1041.3125,\\\"bottom\\\":391.9166717529297}', 'LİFOS YAZILIM VE BİLİŞİM HİZMETLERİ ELEKTRONİK GIDA TURİZM SAN.TİC.LTD.ŞTİ.', 'Erciyes Teknopark Tekno-3 No:26, 38039 Melikgazi/Kayseri', 9086, '2022-03-28 02:46:22'),
(144, 3, 15, 30, 'MUDU', '54,68', 'mailto:mudu@mudu.com.tr', '903522246848', '(545) 349-38-38', 'https://www.mudu.com.tr/', '{\\\"left\\\":355,\\\"top\\\":194.58334350585938,\\\"width\\\":64.25,\\\"height\\\":30,\\\"x\\\":355,\\\"y\\\":194.58334350585938,\\\"right\\\":419.25,\\\"bottom\\\":224.58334350585938}', 'MUDU ARGE YAZILIM TEKNOLOJİLERİ SANAYİ VE TİCARET LİMİTED ŞİRKETİ', 'YILDIRIM BEYAZIT MAHALLESİ AŞIKVEYSEL BULVARI E.Ü.TGB İDARE VE KULUÇKA -3.BİNASI DIŞ KAPI NO:67 İÇ KAPI NO:30 MELİKGAZİ//KAYSERİ/TÜRKİYE 38039', 9561, '2022-03-28 02:49:39'),
(145, 3, 15, 35, 'NAR', '51,48', 'mailto:info@narteknoloji.com', 'fax:+90 352 224 06 06', '(352) 224-06-06', 'https://www.narteknoloji.com/', '{\\\"left\\\":70,\\\"top\\\":677.9166870117188,\\\"width\\\":48.35416793823242,\\\"height\\\":30,\\\"x\\\":70,\\\"y\\\":677.9166870117188,\\\"right\\\":118.35416793823242,\\\"bottom\\\":707.9166870117188}', 'NAR YAZILIM OTOMASYON MÜHENDİSLİK TEKNOLOJİ EĞİTİM VE DANIŞMANLIK LİMİTED ŞİRKETİ', 'NAR Teknoloji Ltd. Şti. Erciyes Üniversitesi Teknoloji Geliştirme Bölgesi İdare Binası-3, No:35-36 38290 Melikgazi / KAYSERİ', 9567, '2022-03-28 02:52:38'),
(146, 3, 15, 31, 'NES', '40,50', 'mailto:info@nesdrive.com', '0 352 311 55 57', '(545) 689-64-44', 'https://www.nesdrive.com/', '{\\\"left\\\":387,\\\"top\\\":379.5833435058594,\\\"width\\\":44.125,\\\"height\\\":30,\\\"x\\\":387,\\\"y\\\":379.5833435058594,\\\"right\\\":431.125,\\\"bottom\\\":409.5833435058594}', 'NES YAZILIM SANAYİ VE TİCARET LİMİTED ŞİRKETİ', 'Erciyes Üniversitesi Teknoloji Geliştirme Merkezi Yeni Mh. Aşık Veysel Bulvarı Tekno-3 No:67/31 Melikgazi / Kayseri / TÜRKİYE', 9563, '2022-03-28 02:55:26'),
(147, 3, 15, 32, 'Nilvera', '74,76', 'mailto:info@nilvera.com', 'tel:0352 224 40 10', '543) 623-85-34', 'https://nilvera.com/i', '{\\\"left\\\":375,\\\"top\\\":527.9166870117188,\\\"width\\\":67.89583587646484,\\\"height\\\":30,\\\"x\\\":375,\\\"y\\\":527.9166870117188,\\\"right\\\":442.89583587646484,\\\"bottom\\\":557.9166870117188}', 'NİLVERA YAZILIM VE BİLİŞİM HİZMETLERİ TİC. LTD. ŞTİ.', 'Yıldırım Beyazıt Mah. Aşıkveysel Bulvarı Erciyes Teknopark Binası 3 No : 67/32 Melikgazi / KAYSERİ', 9565, '2022-03-28 02:58:28'),
(148, 4, 19, 58, 'MEVADA', '55.99', 'info@mevada.com.tr', '0 (532) 581 87 38', '0 (532) 581 87 38', '', '{\\\"left\\\":523,\\\"top\\\":902.59375,\\\"width\\\":81.8125,\\\"height\\\":30,\\\"x\\\":523,\\\"y\\\":902.59375,\\\"right\\\":604.8125,\\\"bottom\\\":932.59375}', 'MEVADA OTOMASYON MADENCİLİK TESİS SANAYİ TİCARET LİMİTED ŞİRKETİ', 'Yıldırım Beyazıt Mah. Aşık Veysel Blv. E.Ü. TGB İdare ve Kuluçka 4 No:67-3/58, 38080 Melikgazi/Kayseri', 9360, '2022-03-28 03:07:25'),
(149, 4, 19, 59, 'TURKUVAZSOFT', '70.21', 'https://www.turkuvazsoft.com/', '05532189534', '05532189534', '', '{\\\"left\\\":638,\\\"top\\\":903.59375,\\\"width\\\":137.328125,\\\"height\\\":30,\\\"x\\\":638,\\\"y\\\":903.59375,\\\"right\\\":775.328125,\\\"bottom\\\":933.59375}', 'TURKUVAZSOFT', 'TURKUVAZSOFT SEO HİZMETLERİ VE YAZILIM LİMİTED ŞİRKETİ', 9362, '2022-03-28 03:10:15'),
(150, 4, 19, 53, 'SAFE HARBOR', '40.36', 'info@pma.com.tr', '0 352 503 2023', '0 352 503 2023', 'http://www.pma.com.tr', '{\\\"left\\\":519,\\\"top\\\":220.59375,\\\"width\\\":122.265625,\\\"height\\\":30,\\\"x\\\":519,\\\"y\\\":220.59375,\\\"right\\\":641.265625,\\\"bottom\\\":250.59375}', 'SAFE HARBOR', 'E.Ü. Teknoloji Geliştirme Bölgesi Tekno-4 Binası,67/A/54 Melikgazi/KAYSERİ', 9354, '2022-03-28 03:15:39'),
(151, 4, 19, 52, 'SAFE HARBOR', '53.00', '', '', '', '', '{\\\"left\\\":638,\\\"top\\\":243.59375,\\\"width\\\":122.265625,\\\"height\\\":30,\\\"x\\\":638,\\\"y\\\":243.59375,\\\"right\\\":760.265625,\\\"bottom\\\":273.59375}', 'SAFE HARBOR', '', 9285, '2022-03-28 03:17:14'),
(152, 4, 20, 69, 'ABC TEKNOLOJİ', '52.45', 'info@abc.com.tr', '', '', '', '{\\\"left\\\":271,\\\"top\\\":896.59375,\\\"width\\\":134.90625,\\\"height\\\":30,\\\"x\\\":271,\\\"y\\\":896.59375,\\\"right\\\":405.90625,\\\"bottom\\\":926.59375}', '', 'Yeni, Yıldırım Beyazıt Mah.Aşık Veysel Bulvarı No:67, Erciyes Teknopark Tekno4 No:39, 38030 Melikgazi/Kayseri', 9285, '2022-03-28 03:20:30'),
(153, 4, 20, 68, 'LODOS', '55.87', 'lodosyatirim@gmail.com', '(533) 388-35-75', '', '', '{\\\"left\\\":159,\\\"top\\\":954.59375,\\\"width\\\":66.8125,\\\"height\\\":30,\\\"x\\\":159,\\\"y\\\":954.59375,\\\"right\\\":225.8125,\\\"bottom\\\":984.59375}', 'LODOS', '', 9285, '2022-03-28 03:22:56'),
(154, 4, 20, 63, 'SARNET', '40.36', 'info@sarnetbilisim.com', '+90 352 224 54 58', '+90 352 224 54 58', 'http://www.sarnetbilisim.com.tr', '{\\\"left\\\":169,\\\"top\\\":185.59375,\\\"width\\\":75.34375,\\\"height\\\":30,\\\"x\\\":169,\\\"y\\\":185.59375,\\\"right\\\":244.34375,\\\"bottom\\\":215.59375}', 'SARNET', '', 9285, '2022-03-28 03:24:27'),
(155, 4, 20, 67, 'SHUTTLE', '70.39', 'baltinisik@andromeda.network', '(545) 200-46-50', '(545) 200-46-50', '', '{\\\"left\\\":35,\\\"top\\\":904.59375,\\\"width\\\":82.5625,\\\"height\\\":30,\\\"x\\\":35,\\\"y\\\":904.59375,\\\"right\\\":117.5625,\\\"bottom\\\":934.59375}', 'SHUTTLE YAZILIM DANIŞMANLIK MÜHENDİSLİK', '', 9285, '2022-03-28 03:27:48'),
(156, 4, 20, 66, 'SHUTTLE', '50.67', '', '', '', '', '{\\\"left\\\":30,\\\"top\\\":688.59375,\\\"width\\\":82.5625,\\\"height\\\":30,\\\"x\\\":30,\\\"y\\\":688.59375,\\\"right\\\":112.5625,\\\"bottom\\\":718.59375}', '', '', 9285, '2022-03-28 03:30:29'),
(157, 4, 20, 65, 'SHUTTLE', '18.30', '', '', '', '', '{\\\"left\\\":34,\\\"top\\\":579.59375,\\\"width\\\":82.5625,\\\"height\\\":30,\\\"x\\\":34,\\\"y\\\":579.59375,\\\"right\\\":116.5625,\\\"bottom\\\":609.59375}', 'SHUTTLE', '', 9285, '2022-03-28 03:50:18'),
(158, 4, 20, 64, 'SHUTTLE', '51.13', '', '', '', '', '{\\\"left\\\":36,\\\"top\\\":228.59375,\\\"width\\\":82.5625,\\\"height\\\":30,\\\"x\\\":36,\\\"y\\\":228.59375,\\\"right\\\":118.5625,\\\"bottom\\\":258.59375}', 'SHUTTLE', '', 9285, '2022-03-28 03:50:57'),
(159, 4, 20, 62, 'ULTRASONAR', '52.45', 'https://www.ultrasonar.com.tr/', '(0352) 224 00 44', '(0352) 224 00 44', 'https://www.ultrasonar.com.tr/', '{\\\"left\\\":276,\\\"top\\\":221.59375,\\\"width\\\":119.203125,\\\"height\\\":30,\\\"x\\\":276,\\\"y\\\":221.59375,\\\"right\\\":395.203125,\\\"bottom\\\":251.59375}', 'ULTRASONAR', 'Erciyes Teknopark, Tekno-4, Kat-3, No:62, 38039 Melikgazi', 9285, '2022-03-28 03:52:19'),
(160, 5, 21, 13, 'AcanSoft', '46.05', '', '(549) 394-74-84', '', '', '{\\\"left\\\":135,\\\"top\\\":192.59375,\\\"width\\\":82.390625,\\\"height\\\":30,\\\"x\\\":135,\\\"y\\\":192.59375,\\\"right\\\":217.390625,\\\"bottom\\\":222.59375}', 'AcanSoft', 'E.U.TGB IDAR VE KULUKCKA 5 APT, N:67-4-13 YILDIRIM BEYAZIT MAHALLESI ASIK VEYSEL BULVARI, MELIKGAZI 38030, Kayseri Turkey', 9285, '2022-03-29 09:21:19'),
(161, 5, 21, 15, 'AKABİYOMED', '24.68', 'akabiyomed@gmail.com', '0506 818 4668', '0506 818 4668', 'http://www.akabiyomed.com/', '{\\\"left\\\":290,\\\"top\\\":227.59375,\\\"width\\\":119.28125,\\\"height\\\":30,\\\"x\\\":290,\\\"y\\\":227.59375,\\\"right\\\":409.28125,\\\"bottom\\\":257.59375}', 'AKABİYOMED BİYOTEKNOLOJİ MEDİKAL VETERİNERLİK HİZMETLERİ TARIMSAL ÜRÜNLER PAZARLAMA DANIŞMANLIK İTHALAT İHRACAT SANAYİ VE TİCARET LİMİTED ŞİRKETİ', 'no 15', 9398, '2022-03-29 09:21:34'),
(162, 5, 21, 5, 'ART STRIPE', '18.83', '', '+90 (352) 502 3191', '+90 (352) 502 3191', 'http://www.art-stripe.com', '{\\\"left\\\":19,\\\"top\\\":855.59375,\\\"width\\\":101.375,\\\"height\\\":30,\\\"x\\\":19,\\\"y\\\":855.59375,\\\"right\\\":120.375,\\\"bottom\\\":885.59375}', 'ART STRIPE', 'Erciyes Teknopark Tekno 5 İç Kapı No:5 KAYSERİ', 9381, '2022-03-29 09:33:31'),
(163, 5, 21, 12, 'BATRON', '65.04', 'info@batronenerji.com', '', '+90 352 502 53 45', 'https://www.batronenerji.com', '{\\\"left\\\":29,\\\"top\\\":232.59375,\\\"width\\\":78.828125,\\\"height\\\":30,\\\"x\\\":29,\\\"y\\\":232.59375,\\\"right\\\":107.828125,\\\"bottom\\\":262.59375}', 'BATRON ENERJİ A.Ş.', 'Yıldırım Beyazıt Mah. Aşık Veysel Blv. E.Ü. Tgb İdare Ve Kuluçka 5 No:67/4/12 Melikgazi / KAYSERİ', 9391, '2022-03-29 09:35:19'),
(164, 5, 21, 26, 'BİLİM AR-GE', '35.66', 'info@bilimcevremerkezi.com', '(352) 224-15-36', '(352) 224-15-36', 'http://www.bilimmuhendislik.com.tr/', '{\\\"left\\\":824,\\\"top\\\":876.59375,\\\"width\\\":110.359375,\\\"height\\\":30,\\\"x\\\":824,\\\"y\\\":876.59375,\\\"right\\\":934.359375,\\\"bottom\\\":906.59375}', 'BİLİM AR-GE TEKNOLOJİK ÇÖZÜMLER ÇEVRE PROJE MERKEZİ İNŞAAT SANAYİ VE LİMİTED ŞİRKETİ', 'no 26', 9409, '2022-03-29 09:38:59'),
(165, 5, 21, 17, 'ÇAMLICA', '24.98', 'http://www.tepeenerji.com', '0537 331 57 11', '0537 331 57 11', 'http://www.tepeenerji.com', '{\\\"left\\\":407,\\\"top\\\":194.59375,\\\"width\\\":85.03125,\\\"height\\\":30,\\\"x\\\":407,\\\"y\\\":194.59375,\\\"right\\\":492.03125,\\\"bottom\\\":224.59375}', 'ÇAMLICA YAZILIM VE ENERJİ TEKNOLOJİLERİ ANONİM ŞİRKETİ', 'Yıldırım Beyazıt Mahallesi, Aşık Veysel Blv. 67/4 D:No:17, 38010 Melikgazi/Kayseri', 9285, '2022-03-29 09:38:28'),
(166, 5, 21, 23, 'DENSEY', '27.19', 'info@densey.com.tr', '+90 850 532 90 15', '+90 850 532 90 15', 'http://www.densey.com.tr/', '{\\\"left\\\":813,\\\"top\\\":223.59375,\\\"width\\\":74.15625,\\\"height\\\":30,\\\"x\\\":813,\\\"y\\\":223.59375,\\\"right\\\":887.15625,\\\"bottom\\\":253.59375}', 'DENSEY BİLİŞİM TEKNOLOJİ ANONİM ŞİRKETİ KAYSERİ ŞUBESİ', 'Yıldırım Beyazıt Mah. Aşık Veysel Blv. Erciyes Teknopark Yerleşkesi Tekno-5 Binası Zemin Kat No:23 38039 Melikgazi / Kayseri', 9405, '2022-03-29 09:42:26'),
(167, 5, 21, 4, 'ERCİYES ARGE MERKEZİ', '17.52', 'kamuran@nny.edu.tr', '(532) 231-31-61', '(532) 231-31-61', '', '{\\\"left\\\":12,\\\"top\\\":905.59375,\\\"width\\\":193.265625,\\\"height\\\":30,\\\"x\\\":12,\\\"y\\\":905.59375,\\\"right\\\":205.265625,\\\"bottom\\\":935.59375}', 'ERCİYES ARGE MERKEZİ MÜHENDİSLİK DANIŞMANLIK SANAYİ VE TİCARET LİMİTED ŞİRKETİ', 'no 4', 9285, '2022-03-29 09:43:52'),
(168, 5, 21, 7, 'ERCİYES ZEMİN PROJE MERKEZİ', '17.83', 'erciyeszeminproje@hs03.kep.tr', '(532) 455-28-92', '(532) 455-28-92', '', '{\\\"left\\\":12,\\\"top\\\":764.59375,\\\"width\\\":255.234375,\\\"height\\\":30,\\\"x\\\":12,\\\"y\\\":764.59375,\\\"right\\\":267.234375,\\\"bottom\\\":794.59375}', 'ERCİYES ZEMİN PROJE MERKEZİ MÜHENDİSLİK MÜŞAVİRLİK MÜTEAHHİTLİK SANAYİ TİCARET LİMİTED ŞİRKETİ', 'no 7', 9285, '2022-03-29 09:45:08'),
(169, 5, 21, 20, 'HENDESİT', '25.10', 'seyithasoglu@gmail.com', '(530) 918-30-02', '(530) 918-30-02', 'http://www.seyithasoglu.com', '{\\\"left\\\":549,\\\"top\\\":225.59375,\\\"width\\\":91.140625,\\\"height\\\":30,\\\"x\\\":549,\\\"y\\\":225.59375,\\\"right\\\":640.140625,\\\"bottom\\\":255.59375}', 'HENDESİT ARGE YAZILIM VE BİLİŞİM TEKNOLOJİLERİ SANAYİ VE TİCARET LİMİTED ŞİRKETİ', 'no 20', 9285, '2022-03-29 09:47:11'),
(170, 5, 21, 9, 'JOKER ARGE', '34.56', 'info@jokeryazilim.com.tr', '(533) 424-04-05', '(533) 424-04-05', 'https://www.jokeryazilim.com.tr/', '{\\\"left\\\":27,\\\"top\\\":594.59375,\\\"width\\\":108.453125,\\\"height\\\":30,\\\"x\\\":27,\\\"y\\\":594.59375,\\\"right\\\":135.453125,\\\"bottom\\\":624.59375}', 'JOKER ARGE YAZILIM DANIŞMANLIK OTOMASYON SANAYİ VE TİCARET LİMİTED ŞİRKETİ', 'IÇ KAPI, YILDIRIM BEYAZIT MAH. ASIK VEYSEL BLV. TEKNOPARK 2 NO: 65, D:NO: 9, 38000 Melikgazi', 9542, '2022-03-29 09:51:46'),
(171, 5, 21, 14, 'MUKENO ARGE', '54.86', 'ozgur.esberk@mukeno.com.tr', '+905304692128', '+905304692128', 'http://www.mukeno.com.tr', '{\\\"left\\\":221,\\\"top\\\":173.59375,\\\"width\\\":130.40625,\\\"height\\\":30,\\\"x\\\":221,\\\"y\\\":173.59375,\\\"right\\\":351.40625,\\\"bottom\\\":203.59375}', 'MUKENO ARGE', 'no 14', 9395, '2022-03-29 09:53:27'),
(172, 5, 21, 10, 'PROJENIA', '35.65', 'info@projenia.net', '', '', 'http://projenia.net/', '{\\\"left\\\":38,\\\"top\\\":480.59375,\\\"width\\\":90.703125,\\\"height\\\":30,\\\"x\\\":38,\\\"y\\\":480.59375,\\\"right\\\":128.703125,\\\"bottom\\\":510.59375}', 'PROJENIA ARGE VE MÜŞAVİRLİK HİZMETLERİ LİMİTED ŞİRKETİ', 'Erciyes Oniver sitesi TGB idare ve Kuluçka Merkezi No:Bl0 Melikgazi/Kayseri', 9285, '2022-03-29 09:54:50'),
(173, 5, 21, 6, 'RİJİT', '19.10', 'fatih@erciyes.edu.tr', '', '(532) 570-72-13', '', '{\\\"left\\\":36,\\\"top\\\":812.59375,\\\"width\\\":51.09375,\\\"height\\\":30,\\\"x\\\":36,\\\"y\\\":812.59375,\\\"right\\\":87.09375,\\\"bottom\\\":842.59375}', 'RİJİT', 'no 6', 9285, '2022-03-29 09:58:04'),
(174, 5, 21, 19, 'ŞATANA', '24.99', 'azizsatana@hotmail.com', '', '(533) 627-14-96', '', '{\\\"left\\\":508,\\\"top\\\":176.59375,\\\"width\\\":76.5,\\\"height\\\":30,\\\"x\\\":508,\\\"y\\\":176.59375,\\\"right\\\":584.5,\\\"bottom\\\":206.59375}', 'ŞATANA', 'no 19', 9285, '2022-03-29 09:59:30'),
(175, 5, 21, 11, 'SEZYUM', '34.50', 'info@sezyumbilisim.com', '(035) 221-91-25', '(035) 221-91-25', 'https://www.sezyumbilisim.com', '{\\\"left\\\":43,\\\"top\\\":388.59375,\\\"width\\\":77.796875,\\\"height\\\":30,\\\"x\\\":43,\\\"y\\\":388.59375,\\\"right\\\":120.796875,\\\"bottom\\\":418.59375}', 'SEZYUM BİLGİ TEKNOLOJİLERİ LİMİTED ŞİRKETİ', 'Yıldırım Beyazıt Mah. Aşık Veysel Bulvarı Erciyes Üniversitesi Teknopark Tekno5 No:67/4-11 Melikgazi /KAYSERİ', 9389, '2022-03-29 10:01:13'),
(176, 5, 21, 2, 'SİMURG', '53.47', 'info@simurgtech.com', '+90 532 165 70 35', '+90 532 165 70 35', '', '{\\\"left\\\":217,\\\"top\\\":980.59375,\\\"width\\\":76.59375,\\\"height\\\":30,\\\"x\\\":217,\\\"y\\\":980.59375,\\\"right\\\":293.59375,\\\"bottom\\\":1010.59375}', 'SİMURG OTOMASYON TEKNOLOJİ SANAYİ TİCARET ANONİM ŞİRKETİ', 'YILDIRIM BEYAZIT MAH. AŞIK VEYSEL BUL. ERCİYES ÜNİ. TEK. GELİŞTİRME BÖL. İDARE BİNMASI VE KULUÇKA MRK. 5. BİNASI NO:67/4 İÇ KAPI NO:2 Melikgazi, Kayseri', 9377, '2022-03-29 10:02:48'),
(177, 5, 21, 24, 'SOLIDELECTRON', '52.04', '', '444 12 05', '444 12 05', 'http://www.solidelectron.com', '{\\\"left\\\":813,\\\"top\\\":545.59375,\\\"width\\\":139.78125,\\\"height\\\":30,\\\"x\\\":813,\\\"y\\\":545.59375,\\\"right\\\":952.78125,\\\"bottom\\\":575.59375}', 'SOLIDELECTRON KONTROL TEKNOLOJİLERİ SANAYİ VE TİCARET ANONİM ŞİRKETİ', 'Teknopark 5. Bina No: 24, 38039 Melikgazi/Kayseri', 9407, '2022-03-29 10:04:24'),
(178, 5, 21, 22, 'STY', '57.86', '', '', '', '', '{\\\"left\\\":754,\\\"top\\\":192.59375,\\\"width\\\":42.375,\\\"height\\\":30,\\\"x\\\":754,\\\"y\\\":192.59375,\\\"right\\\":796.375,\\\"bottom\\\":222.59375}', 'STY YATIRIM MARKA VE DANIŞMANLIK SANAYİ TİCARET LİMİTED ŞİRKETİ', 'no 22', 9285, '2022-03-29 10:13:41'),
(179, 5, 21, 21, 'TEDİ ARGE', '56.49', 'acerit@erciyes.edu.tr', '', '', 'https://www.tediarge.com.tr/', '{\\\"left\\\":626,\\\"top\\\":193.59375,\\\"width\\\":94.609375,\\\"height\\\":30,\\\"x\\\":626,\\\"y\\\":193.59375,\\\"right\\\":720.609375,\\\"bottom\\\":223.59375}', 'TEDİ ARGE YAZILIM MÜHENDİSLİK EĞİTİM TİC. VE SAN.LTD.ŞTİ.', 'Aşık Veysel Bulvarı 67A Kayseri, TR', 9403, '2022-03-29 10:15:31'),
(180, 5, 21, 8, 'TEKDEN', '33.46', 'info@tekdenyazilim.com', '0 533 700 03 03', '0 533 700 03 03', 'http://www.tekdenyazilim.com', '{\\\"left\\\":33,\\\"top\\\":680.59375,\\\"width\\\":75.234375,\\\"height\\\":30,\\\"x\\\":33,\\\"y\\\":680.59375,\\\"right\\\":108.234375,\\\"bottom\\\":710.59375}', 'TEKDEN YAZILIM DANIŞMANLIK VE BİLİŞİM SİSTEMLERİ', 'Erciyes Üniversitesi Teknopark İdari Bina 5 No : 8', 9385, '2022-03-29 10:17:04'),
(181, 5, 21, 3, 'TEKNOMORF', '63.96', '', '0555 722 66 38', '0555 722 66 38', '', '{\\\"left\\\":24,\\\"top\\\":997.59375,\\\"width\\\":113.265625,\\\"height\\\":30,\\\"x\\\":24,\\\"y\\\":997.59375,\\\"right\\\":137.265625,\\\"bottom\\\":1027.59375}', 'TEKNOMORF EĞİTİM İNOVASYON SANAYİ VE TİCARET LİMİTED ŞİRKETİ', 'Yıldırım Beyazıt Mah. Aşık Veysel Blv. ERÜ TGB Tekno 5 Binası No: 67/4/3, 38039 Melikgazi/Kayseri', 9285, '2022-03-29 10:23:56'),
(182, 5, 21, 18, 'TURKSTEM', '25.09', '', '', '', '', '{\\\"left\\\":457,\\\"top\\\":249.59375,\\\"width\\\":97.953125,\\\"height\\\":30,\\\"x\\\":457,\\\"y\\\":249.59375,\\\"right\\\":554.953125,\\\"bottom\\\":279.59375}', 'TURKSTEM', 'no 18', 9285, '2022-03-29 10:28:51'),
(183, 5, 21, 28, 'VALENTİS', '49.09', '', '', '', 'https://valentisbiotech.com', '{\\\"left\\\":620,\\\"top\\\":877.59375,\\\"width\\\":87.84375,\\\"height\\\":30,\\\"x\\\":620,\\\"y\\\":877.59375,\\\"right\\\":707.84375,\\\"bottom\\\":907.59375}', 'VALENTİS BİYOTEKNOLOJİ VE ARGE ANONİM ŞİRKETİ', 'VALENTİS BİYOTEKNOLOJİ VE ARGE A.Ş. Erciyes Teknopark 5. Blok No: 28 Kayseri', 9411, '2022-03-29 10:31:57'),
(184, 5, 21, 16, 'YEKTİN YAZILIM', '24.68', 'nk@yektin.com', '+9 0352 22466 61', '+9 0352 22466 61', 'http://www.yektin.com', '{\\\"left\\\":352,\\\"top\\\":165.59375,\\\"width\\\":137.46875,\\\"height\\\":30,\\\"x\\\":352,\\\"y\\\":165.59375,\\\"right\\\":489.46875,\\\"bottom\\\":195.59375}', 'YEKTİN YAZILIM', 'Erciyes teknopark, 5.Bina Num.67/B-16, 38039 Melikgazi / Kayseri', 9285, '2022-03-29 10:33:49'),
(185, 5, 21, 27, 'BİLİM ARGE', '35.45', '', '', '', '', '{\\\"left\\\":719,\\\"top\\\":885.59375,\\\"width\\\":103.734375,\\\"height\\\":30,\\\"x\\\":719,\\\"y\\\":885.59375,\\\"right\\\":822.734375,\\\"bottom\\\":915.59375}', 'BİLİM ARGE', '', 9285, '2022-03-29 10:35:17'),
(186, 5, 22, 45, 'ALBATROS SAVUNMA', '51.93', 'info@alarmsansavunma.com.tr', '+90 850 259 03 83', '+90 850 259 03 83', 'http://www.alarmsansavunma.com.tr', '{\\\"left\\\":755,\\\"top\\\":625.59375,\\\"width\\\":179.78125,\\\"height\\\":30,\\\"x\\\":755,\\\"y\\\":625.59375,\\\"right\\\":934.78125,\\\"bottom\\\":655.59375}', 'ALBATROS SAVUNMA VE GÜVENLİK SİSTEMLERİ SANAYİ TİCARET LİMİTED ŞİRKETİ', 'SAHABİYE MAH. METE CAD. NO:46/A 38010 KOCASİNAN / KAYSERİ', 9428, '2022-03-29 10:41:42'),
(187, 5, 22, 33, 'ANDOR YAZILIM', '51.84', 'info@andor.com.tr', '0533 627 65 51', '0533 627 65 51', 'http://andor.com.tr/', '{\\\"left\\\":20,\\\"top\\\":586.59375,\\\"width\\\":139.96875,\\\"height\\\":30,\\\"x\\\":20,\\\"y\\\":586.59375,\\\"right\\\":159.96875,\\\"bottom\\\":616.59375}', 'ANDOR YAZILIM', 'Yıldırım Beyazıt mahallesi Aşık Veysel Bulvarı Erciyes Üniversitesi TGB İdare ve Kuluçka 5 kapıno:67/4 daireno:33 MELİKGAZİ/KAYSERİ', 9285, '2022-03-29 10:44:40'),
(188, 5, 22, 48, 'ATAK ULAŞIM', '69.25', 'info@atakulasim.com', '+90 (212) 321 2230', '+90 (212) 321 2230', 'http://www.atakulasim.com/', '{\\\"left\\\":644,\\\"top\\\":874.59375,\\\"width\\\":119.140625,\\\"height\\\":30,\\\"x\\\":644,\\\"y\\\":874.59375,\\\"right\\\":763.140625,\\\"bottom\\\":904.59375}', 'ATAK ULAŞIM ELEKTRONİK SANAYİ VE TİCARET LİMİTED ŞİRKETİ KAYSERİ TEKNOPARK ŞUBESİ', 'Yeni Mah. Aşık Veysel Bul. No:67 Erciyes Teknopark 5. Blok Oda No:48 Melikgazi/ KAYSERİ', 9433, '2022-03-29 10:46:56'),
(189, 5, 22, 46, 'BAHRİ BABA', '51.93', 'z.sinop@psh-steuerberatung.de', '', '', 'https://www.bahribaba.com.tr/', '{\\\"left\\\":792,\\\"top\\\":752.59375,\\\"width\\\":110.71875,\\\"height\\\":30,\\\"x\\\":792,\\\"y\\\":752.59375,\\\"right\\\":902.71875,\\\"bottom\\\":782.59375}', 'BAHRİ BABA MASİF PREFABRİK İNŞAAT SANAYİ LİMİTED ŞİRKETİ', 'Yıldırım Beyazit Mh. Aşık Veysel Blv. E.Ü TGB İdare ve Kuluçka 5 kapı No: 67/4 Daire No: 46 Melikgazi/ KAYSERİ', 9430, '2022-03-29 10:49:11'),
(190, 5, 22, 47, 'BİOPEP', '78.52', 'onurozcan001@gmail.com', '(312) 285-37-00', '(312) 285-37-00', '', '{\\\"left\\\":809,\\\"top\\\":838.59375,\\\"width\\\":69.640625,\\\"height\\\":30,\\\"x\\\":809,\\\"y\\\":838.59375,\\\"right\\\":878.640625,\\\"bottom\\\":868.59375}', 'BİOPEP', 'no 47', 9285, '2022-03-29 10:52:06'),
(191, 5, 22, 35, 'ÇINAR BILGISAYAR', '53.50', 'bilgi@cinarbilgisayar.com.tr', '0 (352) 222 43 25', '0 (352) 222 43 25', 'http://cinarbilgisayar.com.tr', '{\\\"left\\\":29,\\\"top\\\":378.59375,\\\"width\\\":156.578125,\\\"height\\\":30,\\\"x\\\":29,\\\"y\\\":378.59375,\\\"right\\\":185.578125,\\\"bottom\\\":408.59375}', 'ÇINAR BILGISAYAR', 'Aşık Veysel Bulvarı Erciyes Üniversitesi Teknoloji Geliştirme Bölgesi. 5. Bina(67/B) No:35 Melikgazi KAYSERİ', 9417, '2022-03-29 10:55:07'),
(192, 5, 22, 37, 'CUSTİMESH', '46.92', 'duygukilic4838@gmail.com', '', '(505) 312-33-51', '', '{\\\"left\\\":137,\\\"top\\\":195.59375,\\\"width\\\":104.03125,\\\"height\\\":30,\\\"x\\\":137,\\\"y\\\":195.59375,\\\"right\\\":241.03125,\\\"bottom\\\":225.59375}', 'CUSTİMESH', '', 9285, '2022-03-29 10:56:25'),
(193, 5, 22, 40, 'İPEKYOLU YAZILIM', '50.18', 'fsahin@ipekbilgisayar.com', '(532) 383-76-43', '(532) 383-76-43', 'http://www.ipekyoluyazilim.com', '{\\\"left\\\":409,\\\"top\\\":226.59375,\\\"width\\\":156.375,\\\"height\\\":30,\\\"x\\\":409,\\\"y\\\":226.59375,\\\"right\\\":565.375,\\\"bottom\\\":256.59375}', 'İPEKYOLU YAZILIM', 'no 40', 9285, '2022-03-29 10:58:59'),
(194, 5, 22, 34, 'KOÇ VE KOÇ TEKNOLOJİ', '50.20', '2kteknoloji@gmail.com', '+90 13521 222 60 67', '+90 13521 222 60 67', '', '{\\\"left\\\":20,\\\"top\\\":486.59375,\\\"width\\\":195.515625,\\\"height\\\":30,\\\"x\\\":20,\\\"y\\\":486.59375,\\\"right\\\":215.515625,\\\"bottom\\\":516.59375}', 'KOÇ VE KOÇ TEKNOLOJİ', 'Erciyes Teknopark 5 \\\"Aşıkveysel Bulvarı 678/34 KAYSERİ', 9415, '2022-03-29 11:01:49'),
(195, 5, 22, 41, 'MAİCROS', '51.78', 'info@maicros.com', '(053) 362-16-04', '(053) 362-16-04', 'https://maicros.com', '{\\\"left\\\":542,\\\"top\\\":193.59375,\\\"width\\\":87.015625,\\\"height\\\":30,\\\"x\\\":542,\\\"y\\\":193.59375,\\\"right\\\":629.015625,\\\"bottom\\\":223.59375}', 'MAİCROS', 'Erciyes Teknopark, Tekno-5, Zemin kat, No:41 38039 Melikgazi/Kayseri', 9426, '2022-03-29 11:03:25'),
(196, 5, 22, 39, 'MAİNTY', '51.47', 'info@mainty.com.tr', '', '+90 312 220 52 91', 'http://www.mainty.com.tr', '{\\\"left\\\":333,\\\"top\\\":216.59375,\\\"width\\\":77.6875,\\\"height\\\":30,\\\"x\\\":333,\\\"y\\\":216.59375,\\\"right\\\":410.6875,\\\"bottom\\\":246.59375}', 'MAİNTY TEKNOLOJİ ANONİM ŞİRKETİ ERCİYES TEKNOPARK ŞUBESİ', 'no 39', 9423, '2022-03-29 11:05:22'),
(197, 5, 22, 38, 'MİNİYOL', '57.39', 'bilgi@miniyol.com', '+902167840813', '+902167840813', 'https://www.miniyol.com/tr/', '{\\\"left\\\":261,\\\"top\\\":202.59375,\\\"width\\\":81.71875,\\\"height\\\":30,\\\"x\\\":261,\\\"y\\\":202.59375,\\\"right\\\":342.71875,\\\"bottom\\\":232.59375}', 'MİNİYOL', 'Erciyes Teknopark Kuluçka 5 Binası No:56 Melikgazi / Kayseri', 9421, '2022-03-29 11:06:58'),
(198, 5, 22, 36, 'NİNOVA YAZILIM', '63.27', 'arifdag8731@gmail.com', '(507) 453-06-22', '(507) 453-06-22', '', '{\\\"left\\\":12,\\\"top\\\":197.59375,\\\"width\\\":145.28125,\\\"height\\\":30,\\\"x\\\":12,\\\"y\\\":197.59375,\\\"right\\\":157.28125,\\\"bottom\\\":227.59375}', 'NİNOVA YAZILIM', 'Yeni, Aşık Veysel Blv. No:67, 38030 Melikgazi/Kayseri', 9285, '2022-03-29 11:09:34'),
(199, 5, 22, 29, 'TUSAŞ', '80.75', '', '', '', '', '{\\\"left\\\":234,\\\"top\\\":962.59375,\\\"width\\\":64.140625,\\\"height\\\":30,\\\"x\\\":234,\\\"y\\\":962.59375,\\\"right\\\":298.140625,\\\"bottom\\\":992.59375}', 'TUSAŞ', 'no 29', 9569, '2022-03-29 11:11:04'),
(200, 5, 23, 53, 'ADO YAZILIM', '51.93', 'info@adosoft.com.tr', '(0352) 224 00 20', '(0352) 224 00 20', 'http://www.adosoft.com.tr', '{\\\"left\\\":50,\\\"top\\\":681.59375,\\\"width\\\":116.875,\\\"height\\\":30,\\\"x\\\":50,\\\"y\\\":681.59375,\\\"right\\\":166.875,\\\"bottom\\\":711.59375}', 'ADO YAZILIM', 'Yeni Mah. Aşık Veysel Bulv. Erciyes Üniversitesi TGB 5. Bina Kat:1 No:53 Melikgazi / Kayseri / TURKEY', 9440, '2022-03-29 02:46:30'),
(201, 5, 23, 54, 'AF/AC Bilişim', '51.93', '', '', '0506 876 38 61', '', '{\\\"left\\\":64,\\\"top\\\":582.59375,\\\"width\\\":116.21875,\\\"height\\\":30,\\\"x\\\":64,\\\"y\\\":582.59375,\\\"right\\\":180.21875,\\\"bottom\\\":612.59375}', 'AF/AC Bilişim', 'Yıldırım Beyazıt Mahallesi Melikgazi Aşık Veysel Bulvarı Erciyes Üniversitesi Teknopark Tekno 5 No 54, 38140 Melikgazi/Kayseri', 9285, '2022-03-29 02:47:49'),
(202, 5, 23, 55, 'BİES GLOBAL', '50.27', 'info@biesglobal.com', '', '0 532 204 84 86', 'https://biesglobal.com/', '{\\\"left\\\":51,\\\"top\\\":481.59375,\\\"width\\\":112.203125,\\\"height\\\":30,\\\"x\\\":51,\\\"y\\\":481.59375,\\\"right\\\":163.203125,\\\"bottom\\\":511.59375}', 'BİES GLOBAL DENETİM DANIŞMANLIK YAZILIM VE EĞİTİM HİZMETLERİ LİMİTED ŞİRKETİ', 'https://biesglobal.com/', 9443, '2022-03-29 02:49:04'),
(203, 5, 23, 59, 'BLUE OCEAN', '78.16', 'bodevelopment2020@gmail.com', '(535) 980-08-88', '', '', '{\\\"left\\\":381,\\\"top\\\":209.59375,\\\"width\\\":111.375,\\\"height\\\":30,\\\"x\\\":381,\\\"y\\\":209.59375,\\\"right\\\":492.375,\\\"bottom\\\":239.59375}', 'BLUE OCEAN DEVELOPMENT YAZILIM LİMİTED ŞİRKETİ', '', 9285, '2022-03-29 02:50:46'),
(204, 5, 23, 65, 'Ekomera', '80.18', '', '', '', '', '{\\\"left\\\":823,\\\"top\\\":838.59375,\\\"width\\\":79.3125,\\\"height\\\":30,\\\"x\\\":823,\\\"y\\\":838.59375,\\\"right\\\":902.3125,\\\"bottom\\\":868.59375}', '', '', 9285, '2022-03-29 02:52:29'),
(205, 5, 23, 52, 'ER KAY', '53.88', '', '', '(530) 664-05-78', '', '{\\\"left\\\":55,\\\"top\\\":792.59375,\\\"width\\\":67.515625,\\\"height\\\":30,\\\"x\\\":55,\\\"y\\\":792.59375,\\\"right\\\":122.515625,\\\"bottom\\\":822.59375}', 'ER KAY İNTERNET VE ARACILIK HİZMETLERİ', '', 9285, '2022-03-29 02:54:10'),
(206, 5, 23, 64, 'İVMENET', '', 'https://www.ivmenet.com/', '', '0850 532 49 57', '', '{\\\"left\\\":810,\\\"top\\\":728.59375,\\\"width\\\":84.25,\\\"height\\\":30,\\\"x\\\":810,\\\"y\\\":728.59375,\\\"right\\\":894.25,\\\"bottom\\\":758.59375}', 'İVMENET YAZILIM BİLİŞİM TEKNOLOJİ ÇÖZÜMLERİ SANAYİ TİCARET LİMİTED ŞİRKETİ', 'Erciyes Üniversitesi Teknoloji Geliştirme Bölgesi İdare Binası ve Kuluçka Merkezi 5. Binası Dış Kapı No: 67/4 İç Kapı No: 64 38030', 9452, '2022-03-29 02:55:54'),
(207, 5, 23, 57, 'MAZAKA YAZILIM', '92.83', '', '', '', '', '{\\\"left\\\":34,\\\"top\\\":216.59375,\\\"width\\\":151.03125,\\\"height\\\":30,\\\"x\\\":34,\\\"y\\\":216.59375,\\\"right\\\":185.03125,\\\"bottom\\\":246.59375}', '', '', 9285, '2022-03-29 02:57:28'),
(208, 5, 23, 58, 'MAZAKA YAZILIM', '76.93', '', '', '', '', '{\\\"left\\\":181,\\\"top\\\":192.59375,\\\"width\\\":151.03125,\\\"height\\\":30,\\\"x\\\":181,\\\"y\\\":192.59375,\\\"right\\\":332.03125,\\\"bottom\\\":222.59375}', '', '', 9285, '2022-03-29 02:58:03'),
(209, 5, 23, 61, 'MİX TEKNOLOJİ', '76.62', '', '', '(507) 346-27-78', 'https://www.mixteknoloji.com/', '{\\\"left\\\":649,\\\"top\\\":185.59375,\\\"width\\\":134.28125,\\\"height\\\":30,\\\"x\\\":649,\\\"y\\\":185.59375,\\\"right\\\":783.28125,\\\"bottom\\\":215.59375}', 'MİX TEKNOLOJİ', '', 9285, '2022-03-29 02:59:53'),
(210, 5, 23, 49, 'MOLEKÜL', '71.34', 'bilgi@molekulyazilim.com', '', '0 850 251 11 38', 'https://molekulyazilim.com/', '{\\\"left\\\":239,\\\"top\\\":954.59375,\\\"width\\\":88.28125,\\\"height\\\":30,\\\"x\\\":239,\\\"y\\\":954.59375,\\\"right\\\":327.28125,\\\"bottom\\\":984.59375}', 'MOLEKÜL', '', 9436, '2022-03-29 03:04:31'),
(211, 5, 23, 51, 'OAG EĞİTİM', '56.26', '', '', '0352 234 17 18', '', '{\\\"left\\\":27,\\\"top\\\":884.59375,\\\"width\\\":107.5,\\\"height\\\":30,\\\"x\\\":27,\\\"y\\\":884.59375,\\\"right\\\":134.5,\\\"bottom\\\":914.59375}', 'OAG EĞİTİM', '', 9285, '2022-03-29 03:06:30'),
(212, 5, 23, 60, 'ORCABİT', '76.79', '', '', '(352) 503-80-38', 'http://www.orcabit.com/', '{\\\"left\\\":525,\\\"top\\\":213.59375,\\\"width\\\":82.359375,\\\"height\\\":30,\\\"x\\\":525,\\\"y\\\":213.59375,\\\"right\\\":607.359375,\\\"bottom\\\":243.59375}', 'ORCABİT', '', 9285, '2022-03-29 03:07:47'),
(213, 5, 23, 66, 'TURKUVAZ', '76.74', '', '', '+90 352 311 55 67', '', '{\\\"left\\\":656,\\\"top\\\":876.59375,\\\"width\\\":98.328125,\\\"height\\\":30,\\\"x\\\":656,\\\"y\\\":876.59375,\\\"right\\\":754.328125,\\\"bottom\\\":906.59375}', 'TURKUVAZ İNOVASYON SİSTEM ÇÖZÜMLERİ ENDÜSTRİYEL OTOMASYON YAZILIM MÜHENDİSLİK DANIŞMANLIK SANAYİ VE TİCARET ANONİM ŞİRKETİ', '', 9547, '2022-03-29 03:09:39'),
(214, 5, 24, 74, 'ARGERF', '92.59', 'arge@argebilisim.com.tr', '+90 (352) 224 22 40', '+90 (352) 224 22 40', '', '{\\\"left\\\":65,\\\"top\\\":201.59375,\\\"width\\\":74.203125,\\\"height\\\":30,\\\"x\\\":65,\\\"y\\\":201.59375,\\\"right\\\":139.203125,\\\"bottom\\\":231.59375}', 'Erciyes Üniversitesi Teknopark 5.Bina No:73-74 Melikgazi/Kayseri', 'Erciyes Üniversitesi Teknopark 5.Bina No:73-74 Melikgazi/Kayseri', 9464, '2022-03-29 05:48:53'),
(215, 5, 24, 81, 'ASERSAN', '80.44', '', '+90 352 341 1 341', '+90 352 341 1 341', '', '{\\\"left\\\":814,\\\"top\\\":870.59375,\\\"width\\\":86.046875,\\\"height\\\":30,\\\"x\\\":814,\\\"y\\\":870.59375,\\\"right\\\":900.046875,\\\"bottom\\\":900.59375}', 'ASERSAN', 'ASERSAN', 9549, '2022-03-29 05:50:03'),
(216, 5, 24, 69, 'EBS', '54.33', 'info@otomotivanaliz.com', '', '', '', '{\\\"left\\\":86,\\\"top\\\":783.59375,\\\"width\\\":41.75,\\\"height\\\":30,\\\"x\\\":86,\\\"y\\\":783.59375,\\\"right\\\":127.75,\\\"bottom\\\":813.59375}', 'EBS ANALİZ OTOMOTİV YÖNETİM DANIŞMANLIĞI SANAYİ VE TİCARET ANONİM ŞİRKETİ', 'EBS ANALİZ OTOMOTİV YÖNETİM DANIŞMANLIĞI SANAYİ VE TİCARET ANONİM ŞİRKETİ', 9456, '2022-03-29 05:51:15'),
(217, 5, 24, 70, 'ERBE', '51.93', '', '', '', '', '{\\\"left\\\":80,\\\"top\\\":691.59375,\\\"width\\\":51.734375,\\\"height\\\":30,\\\"x\\\":80,\\\"y\\\":691.59375,\\\"right\\\":131.734375,\\\"bottom\\\":721.59375}', 'ERBE', 'ERBE', 9458, '2022-03-29 05:52:16'),
(218, 5, 24, 75, 'FRATELLİ', '76.67', 'destek@evdekibakicim.com', '(212) 951-02-01', '(212) 951-02-01', '', '{\\\"left\\\":218,\\\"top\\\":194.59375,\\\"width\\\":82.21875,\\\"height\\\":30,\\\"x\\\":218,\\\"y\\\":194.59375,\\\"right\\\":300.21875,\\\"bottom\\\":224.59375}', 'FRATELLİ', 'FRATELLİ', 9285, '2022-03-29 05:53:33'),
(219, 5, 24, 80, 'GİANT', '51.93', '', '554) 578-73-43', '554) 578-73-43', '', '{\\\"left\\\":799,\\\"top\\\":741.59375,\\\"width\\\":63.71875,\\\"height\\\":30,\\\"x\\\":799,\\\"y\\\":741.59375,\\\"right\\\":862.71875,\\\"bottom\\\":771.59375}', 'GİANT', 'GİANT', 9285, '2022-03-29 05:55:05'),
(220, 5, 24, 82, 'KAYTEN', '76.75', 'tahir@kayten.com.tr', '(352) 224-11-21', '(352) 224-11-21', '', '{\\\"left\\\":634,\\\"top\\\":873.59375,\\\"width\\\":75,\\\"height\\\":30,\\\"x\\\":634,\\\"y\\\":873.59375,\\\"right\\\":709,\\\"bottom\\\":903.59375}', 'KAYTEN', 'KAYTEN', 9285, '2022-03-29 05:56:06'),
(221, 5, 24, 72, 'SA YAZILIM', '50.27', 'info@sayazilim.com', '', '', 'https://www.sayazilim.com/', '{\\\"left\\\":55,\\\"top\\\":486.59375,\\\"width\\\":101.921875,\\\"height\\\":30,\\\"x\\\":55,\\\"y\\\":486.59375,\\\"right\\\":156.921875,\\\"bottom\\\":516.59375}', 'SA YAZILIM', 'SA YAZILIM', 9460, '2022-03-29 05:57:18'),
(222, 5, 24, 73, 'SAVOTEK', '53.56', 'info@savotek.com.tr', '0 850 255 11 22', '0 850 255 11 22', '', '{\\\"left\\\":62,\\\"top\\\":402.59375,\\\"width\\\":83.75,\\\"height\\\":30,\\\"x\\\":62,\\\"y\\\":402.59375,\\\"right\\\":145.75,\\\"bottom\\\":432.59375}', 'SAVOTEK', 'no 73', 9462, '2022-03-29 05:58:54'),
(223, 5, 24, 77, 'TANE YAZILIM', '85.31', 'taneyazilim@gmail.com', '(507) 453-06-22', '(507) 453-06-22', '', '{\\\"left\\\":779,\\\"top\\\":228.59375,\\\"width\\\":122.359375,\\\"height\\\":30,\\\"x\\\":779,\\\"y\\\":228.59375,\\\"right\\\":901.359375,\\\"bottom\\\":258.59375}', 'TANE YAZILIM', 'TANE YAZILIM', 9285, '2022-03-29 06:00:03'),
(224, 5, 24, 67, 'VİİTA CONCEPT', '96.38', 'uemit.bas@vital-monitor.com', '(530) 145-81-33', '(530) 145-81-33', 'http://www.vital-monitor.com', '{\\\"left\\\":198,\\\"top\\\":944.59375,\\\"width\\\":131,\\\"height\\\":30,\\\"x\\\":198,\\\"y\\\":944.59375,\\\"right\\\":329,\\\"bottom\\\":974.59375}', 'VİİTA CONCEPT', '', 9454, '2022-03-29 06:01:22'),
(225, 5, 24, 79, 'ZUZU', '51.93', 'ahmet@zuzu.dev', '(542) 690-65-09', '(542) 690-65-09', '', '{\\\"left\\\":817,\\\"top\\\":645.59375,\\\"width\\\":56.5625,\\\"height\\\":30,\\\"x\\\":817,\\\"y\\\":645.59375,\\\"right\\\":873.5625,\\\"bottom\\\":675.59375}', 'ZUZU', 'YILDIRIM BEYAZIT MAH. AŞIK VEYSEL BLV. 67/4 TEKNO-5 K2 D79, 38039 Melikgazi/Kayseri', 9469, '2022-03-29 06:02:35');
COMMIT;

/*!40101 SET CHARACTER_SET_CLIENT=@OLD_CHARACTER_SET_CLIENT */;
/*!40101 SET CHARACTER_SET_RESULTS=@OLD_CHARACTER_SET_RESULTS */;
/*!40101 SET COLLATION_CONNECTION=@OLD_COLLATION_CONNECTION */;

